a,1
aa,2
aaa,3
aaron,5
ab,2
abandoned,9
abc,3
aberdeen,8
abilities,9
ability,7
able,4
aboriginal,10
abortion,8
about,5
above,5
abraham,7
abroad,6
abs,3
absence,7
absent,6
absolute,8
absolutely,10
absorption,10
abstract,8
abstracts,9
abu,3
abuse,5
ac,2
academic,8
academics,9
academy,7
acc,3
accent,6
accept,6
acceptable,10
acceptance,10
accepted,8
accepting,9
accepts,7
access,6
accessed,8
accessibility,13
accessible,10
accessing,9
accessories,11
accessory,9
accident,8
accidents,9
accommodate,11
accommodation,13
accommodations,14
accompanied,11
accompanying,12
accomplish,10
accomplished,12
accordance,10
according,9
accordingly,11
account,7
accountability,14
accounting,10
accounts,8
accreditation,13
accredited,10
accuracy,8
accurate,8
accurately,10
accused,7
acdbentity,10
ace,3
acer,4
achieve,7
achieved,8
achievement,11
achievements,12
achieving,9
acid,4
acids,5
acknowledge,11
acknowledged,12
acm,3
acne,4
acoustic,8
acquire,7
acquired,8
acquisition,11
acquisitions,12
acre,4
acres,5
acrobat,7
across,6
acrylic,7
act,3
acting,6
action,6
actions,7
activated,9
activation,10
active,6
actively,8
activists,9
activities,10
activity,8
actor,5
actors,6
actress,7
acts,4
actual,6
actually,8
acute,5
ad,2
ada,3
adam,4
adams,5
adaptation,10
adapted,7
adapter,7
adapters,8
adaptive,8
adaptor,7
add,3
added,5
addiction,9
adding,6
addition,8
additional,10
additionally,12
additions,9
address,7
addressed,9
addresses,9
addressing,10
adds,4
adelaide,8
adequate,8
adidas,6
adipex,6
adjacent,8
adjust,6
adjustable,10
adjusted,8
adjustment,10
adjustments,11
admin,5
administered,12
administration,14
administrative,14
administrator,13
administrators,14
admission,9
admissions,10
admit,5
admitted,8
adobe,5
adolescent,10
adopt,5
adopted,7
adoption,8
adrian,6
ads,3
adsl,4
adult,5
adults,6
advance,7
advanced,8
advancement,11
advances,8
advantage,9
advantages,10
adventure,9
adventures,10
adverse,7
advert,6
advertise,9
advertisement,13
advertisements,14
advertiser,10
advertisers,11
advertising,11
advice,6
advise,6
advised,7
advisor,7
advisors,8
advisory,8
advocacy,8
advocate,8
adware,6
ae,2
aerial,6
aerospace,9
af,2
affair,6
affairs,7
affect,6
affected,8
affecting,9
affects,7
affiliate,9
affiliated,10
affiliates,10
affiliation,11
afford,6
affordable,10
afghanistan,11
afraid,6
africa,6
african,7
after,5
afternoon,9
afterwards,10
ag,2
again,5
against,7
age,3
aged,4
agencies,8
agency,6
agenda,6
agent,5
agents,6
ages,4
aggregate,9
aggressive,10
aging,5
ago,3
agree,5
agreed,6
agreement,9
agreements,10
agrees,6
agricultural,12
agriculture,11
ah,2
ahead,5
ai,2
aid,3
aids,4
aim,3
aimed,5
aims,4
air,3
aircraft,8
airfare,7
airline,7
airlines,8
airplane,8
airport,7
airports,8
aj,2
ak,2
aka,3
al,2
ala,3
alabama,7
alan,4
alarm,5
alaska,6
albania,7
albany,6
albert,6
alberta,7
album,5
albums,6
albuquerque,11
alcohol,7
alert,5
alerts,6
alex,4
alexander,9
alexandria,10
alfred,6
algebra,7
algeria,7
algorithm,9
algorithms,10
ali,3
alias,5
alice,5
alien,5
align,5
alignment,9
alike,5
alive,5
all,3
allah,5
allan,5
alleged,7
allen,5
allergy,7
alliance,8
allied,6
allocated,9
allocation,10
allow,5
allowance,9
allowed,7
allowing,8
allows,6
alloy,5
almost,6
alone,5
along,5
alot,4
alpha,5
alphabetical,12
alpine,6
already,7
also,4
alt,3
alter,5
altered,7
alternate,9
alternative,11
alternatively,13
alternatives,12
although,8
alto,4
aluminium,9
aluminum,8
alumni,6
always,6
am,2
amanda,6
amateur,7
amazing,7
amazon,6
amazoncom,9
amazoncouk,10
ambassador,10
amber,5
ambien,6
ambient,7
amd,3
amend,5
amended,7
amendment,9
amendments,10
amenities,9
america,7
american,8
americans,9
americas,8
amino,5
among,5
amongst,7
amount,6
amounts,7
amp,3
ampland,7
amplifier,9
amsterdam,9
amy,3
an,2
ana,3
anaheim,7
anal,4
analog,6
analyses,8
analysis,8
analyst,7
analysts,8
analytical,10
analyze,7
analyzed,8
anatomy,7
anchor,6
ancient,7
and,3
andale,6
anderson,8
andorra,7
andrea,6
andreas,7
andrew,6
andrews,7
andy,4
angel,5
angela,6
angeles,7
angels,6
anger,5
angle,5
angola,6
angry,5
animal,6
animals,7
animated,8
animation,9
anime,5
ann,3
anna,4
anne,4
annex,5
annie,5
anniversary,11
annotated,9
annotation,10
announce,8
announced,9
announcement,12
announcements,13
announces,9
annoying,8
annual,6
annually,8
anonymous,9
another,7
answer,6
answered,8
answering,9
answers,7
ant,3
antarctica,10
antenna,7
anthony,7
anthropology,12
anti,4
antibodies,10
antibody,8
anticipated,11
antigua,7
antique,7
antiques,8
antivirus,9
antonio,7
anxiety,7
any,3
anybody,7
anymore,7
anyone,6
anything,8
anytime,7
anyway,6
anywhere,8
aol,3
ap,2
apache,6
apart,5
apartment,9
apartments,10
api,3
apnic,5
apollo,6
app,3
apparatus,9
apparel,7
apparent,8
apparently,10
appeal,6
appeals,7
appear,6
appearance,10
appeared,8
appearing,9
appears,7
appendix,8
apple,5
appliance,9
appliances,10
applicable,10
applicant,9
applicants,10
application,11
applications,12
applied,7
applies,7
apply,5
applying,8
appointed,9
appointment,11
appointments,12
appraisal,9
appreciate,10
appreciated,11
appreciation,12
approach,8
approaches,10
appropriate,11
appropriations,14
approval,8
approve,7
approved,8
approx,6
approximate,11
approximately,13
apps,4
apr,3
april,5
apt,3
aqua,4
aquarium,8
aquatic,7
ar,2
arab,4
arabia,6
arabic,6
arbitrary,9
arbitration,11
arc,3
arcade,6
arch,4
architect,9
architects,10
architectural,13
architecture,12
archive,7
archived,8
archives,8
arctic,6
are,3
area,4
areas,5
arena,5
arg,3
argentina,9
argue,5
argued,6
argument,8
arguments,9
arise,5
arising,7
arizona,7
arkansas,8
arlington,9
arm,3
armed,5
armenia,7
armor,5
arms,4
armstrong,9
army,4
arnold,6
around,6
arrange,7
arranged,8
arrangement,11
arrangements,12
array,5
arrest,6
arrested,8
arrival,7
arrivals,8
arrive,6
arrived,7
arrives,7
arrow,5
art,3
arthritis,9
arthur,6
article,7
articles,8
artificial,10
artist,6
artistic,8
artists,7
arts,4
artwork,7
aruba,5
as,2
asbestos,8
ascii,5
ash,3
ashley,6
asia,4
asian,5
aside,5
asin,4
ask,3
asked,5
asking,6
asks,4
asn,3
asp,3
aspect,6
aspects,7
aspnet,6
ass,3
assault,7
assembled,9
assembly,8
assess,6
assessed,8
assessing,9
assessment,10
assessments,11
asset,5
assets,6
assign,6
assigned,8
assignment,10
assignments,11
assist,6
assistance,10
assistant,9
assisted,8
assists,7
associate,9
associated,10
associates,10
association,11
associations,12
assume,6
assumed,7
assumes,7
assuming,8
assumption,10
assumptions,11
assurance,9
assure,6
assured,7
asthma,6
astrology,9
astronomy,9
asus,4
at,2
ata,3
ate,3
athens,6
athletes,8
athletic,8
athletics,9
ati,3
atlanta,7
atlantic,8
atlas,5
atm,3
atmosphere,10
atmospheric,11
atom,4
atomic,6
attach,6
attached,8
attachment,10
attachments,11
attack,6
attacked,8
attacks,7
attempt,7
attempted,9
attempting,10
attempts,8
attend,6
attendance,10
attended,8
attending,9
attention,9
attitude,8
attitudes,9
attorney,8
attorneys,9
attract,7
attraction,10
attractions,11
attractive,10
attribute,9
attributes,10
au,2
auburn,6
auckland,8
auction,7
auctions,8
aud,3
audi,4
audience,8
audio,5
audit,5
auditor,7
aug,3
august,6
aurora,6
aus,3
austin,6
australia,9
australian,10
austria,7
authentic,9
authentication,14
author,6
authorities,11
authority,9
authorization,13
authorized,10
authors,7
auto,4
automated,9
automatic,9
automatically,13
automation,10
automobile,10
automobiles,11
automotive,10
autos,5
autumn,6
av,2
availability,12
available,9
avatar,6
ave,3
avenue,6
average,7
avg,3
avi,3
aviation,8
avoid,5
avoiding,8
avon,4
aw,2
award,5
awarded,7
awards,6
aware,5
awareness,9
away,4
awesome,7
awful,5
axis,4
aye,3
az,2
azerbaijan,10
b,1
ba,2
babe,4
babes,5
babies,6
baby,4
bachelor,8
back,4
backed,6
background,10
backgrounds,11
backing,7
backup,6
bacon,5
bacteria,8
bacterial,9
bad,3
badge,5
badly,5
bag,3
baghdad,7
bags,4
bahamas,7
bahrain,7
bailey,6
baker,5
baking,6
balance,7
balanced,8
bald,4
bali,4
ball,4
ballet,6
balloon,7
ballot,6
balls,5
baltimore,9
ban,3
banana,6
band,4
bands,5
bandwidth,9
bang,4
bangbus,7
bangkok,7
bangladesh,10
bank,4
banking,7
bankruptcy,10
banks,5
banned,6
banner,6
banners,7
baptist,7
bar,3
barbados,8
barbara,7
barbie,6
barcelona,9
bare,4
barely,6
bargain,7
bargains,8
barn,4
barnes,6
barrel,6
barrier,7
barriers,8
barry,5
bars,4
base,4
baseball,8
based,5
baseline,8
basement,8
basename,8
bases,5
basic,5
basically,9
basics,6
basin,5
basis,5
basket,6
basketball,10
baskets,7
bass,4
bat,3
batch,5
bath,4
bathroom,8
bathrooms,9
baths,5
batman,6
batteries,9
battery,7
battle,6
battlefield,11
bay,3
bb,2
bbc,3
bbs,3
bbw,3
bc,2
bd,2
bdsm,4
be,2
beach,5
beaches,7
beads,5
beam,4
bean,4
beans,5
bear,4
bearing,7
bears,5
beast,5
beastality,10
beastiality,11
beat,4
beatles,7
beats,5
beautiful,9
beautifully,11
beauty,6
beaver,6
became,6
because,7
become,6
becomes,7
becoming,8
bed,3
bedding,7
bedford,7
bedroom,7
bedrooms,8
beds,4
bee,3
beef,4
been,4
beer,4
before,6
began,5
begin,5
beginner,8
beginners,9
beginning,9
begins,6
begun,5
behalf,6
behavior,8
behavioral,10
behaviour,9
behind,6
beijing,7
being,5
beings,6
belarus,7
belfast,7
belgium,7
belief,6
beliefs,7
believe,7
believed,8
believes,8
belize,6
belkin,6
bell,4
belle,5
belly,5
belong,6
belongs,7
below,5
belt,4
belts,5
ben,3
bench,5
benchmark,9
bend,4
beneath,7
beneficial,10
benefit,7
benefits,8
benjamin,8
bennett,7
benz,4
berkeley,8
berlin,6
bermuda,7
bernard,7
berry,5
beside,6
besides,7
best,4
bestiality,10
bestsellers,11
bet,3
beta,4
beth,4
better,6
betting,7
betty,5
between,7
beverage,8
beverages,9
beverly,7
beyond,6
bg,2
bhutan,6
bi,2
bias,4
bible,5
biblical,8
bibliographic,13
bibliography,12
bicycle,7
bid,3
bidder,6
bidding,7
bids,4
big,3
bigger,6
biggest,7
bike,4
bikes,5
bikini,6
bill,4
billing,7
billion,7
bills,5
billy,5
bin,3
binary,6
bind,4
binding,7
bingo,5
bio,3
biodiversity,12
biographies,11
biography,9
biol,4
biological,10
biology,7
bios,4
biotechnology,13
bird,4
birds,5
birmingham,10
birth,5
birthday,8
bishop,6
bit,3
bitch,5
bite,4
bits,4
biz,3
bizarre,7
bizrate,7
bk,2
bl,2
black,5
blackberry,10
blackjack,9
blacks,6
blade,5
blades,6
blah,4
blair,5
blake,5
blame,5
blank,5
blanket,7
blast,5
bleeding,8
blend,5
bless,5
blessed,7
blind,5
blink,5
block,5
blocked,7
blocking,8
blocks,6
blog,4
blogger,7
bloggers,8
blogging,8
blogs,5
blond,5
blonde,6
blood,5
bloody,6
bloom,5
bloomberg,9
blow,4
blowing,7
blowjob,7
blowjobs,8
blue,4
blues,5
bluetooth,9
blvd,4
bm,2
bmw,3
bo,2
board,5
boards,6
boat,4
boating,7
boats,5
bob,3
bobby,5
boc,3
bodies,6
body,4
bold,4
bolivia,7
bolt,4
bomb,4
bon,3
bond,4
bondage,7
bonds,5
bone,4
bones,5
bonus,5
boob,4
boobs,5
book,4
booking,7
bookings,8
bookmark,8
bookmarks,9
books,5
bookstore,9
bool,4
boolean,7
boom,4
boost,5
boot,4
booth,5
boots,5
booty,5
border,6
borders,7
bored,5
boring,6
born,4
borough,7
bosnia,6
boss,4
boston,6
both,4
bother,6
botswana,8
bottle,6
bottles,7
bottom,6
bought,6
boulder,7
boulevard,9
bound,5
boundaries,10
boundary,8
bouquet,7
boutique,8
bow,3
bowl,4
bowling,7
box,3
boxed,5
boxes,5
boxing,6
boy,3
boys,4
bp,2
br,2
bra,3
bracelet,8
bracelets,9
bracket,7
brad,4
bradford,8
bradley,7
brain,5
brake,5
brakes,6
branch,6
branches,8
brand,5
brandon,7
brands,6
bras,4
brass,5
brave,5
brazil,6
brazilian,9
breach,6
bread,5
break,5
breakdown,9
breakfast,9
breaking,8
breaks,6
breast,6
breasts,7
breath,6
breathing,9
breed,5
breeding,8
breeds,6
brian,5
brick,5
bridal,6
bride,5
bridge,6
bridges,7
brief,5
briefing,8
briefly,7
briefs,6
bright,6
brighton,8
brilliant,9
bring,5
bringing,8
brings,6
brisbane,8
bristol,7
britain,7
britannica,10
british,7
britney,7
broad,5
broadband,9
broadcast,9
broadcasting,12
broader,7
broadway,8
brochure,8
brochures,9
broke,5
broken,6
broker,6
brokers,7
bronze,6
brook,5
brooklyn,8
brooks,6
bros,4
brother,7
brothers,8
brought,7
brown,5
browse,6
browser,7
browsers,8
browsing,8
bruce,5
brunei,6
brunette,8
brunswick,9
brush,5
brussels,8
brutal,6
bryan,5
bryant,6
bs,2
bt,2
bubble,6
buck,4
bucks,5
budapest,8
buddy,5
budget,6
budgets,7
buf,3
buffalo,7
buffer,6
bufing,6
bug,3
bugs,4
build,5
builder,7
builders,8
building,8
buildings,9
builds,6
built,5
bukkake,7
bulgaria,8
bulgarian,9
bulk,4
bull,4
bullet,6
bulletin,8
bumper,6
bunch,5
bundle,6
bunny,5
burden,6
bureau,6
buried,6
burke,5
burlington,10
burn,4
burner,6
burning,7
burns,5
burst,5
burton,6
bus,3
buses,5
bush,4
business,8
businesses,10
busty,5
busy,4
but,3
butler,6
butt,4
butter,6
butterfly,9
button,6
buttons,7
butts,5
buy,3
buyer,5
buyers,6
buying,6
buys,4
buzz,4
bw,2
by,2
bye,3
byte,4
bytes,5
c,1
ca,2
cab,3
cabin,5
cabinet,7
cabinets,8
cable,5
cables,6
cache,5
cached,6
cad,3
cadillac,8
cafe,4
cage,4
cake,4
cakes,5
cal,3
calcium,7
calculate,9
calculated,10
calculation,11
calculations,12
calculator,10
calculators,11
calendar,8
calendars,9
calgary,7
calibration,11
calif,5
california,10
call,4
called,6
calling,7
calls,5
calm,4
calvin,6
cam,3
cambodia,8
cambridge,9
camcorder,9
camcorders,10
came,4
camel,5
camera,6
cameras,7
cameron,7
cameroon,8
camp,4
campaign,8
campaigns,9
campbell,8
camping,7
camps,5
campus,6
cams,4
can,3
canada,6
canadian,8
canal,5
canberra,8
cancel,6
cancellation,12
cancelled,9
cancer,6
candidate,9
candidates,10
candle,6
candles,7
candy,5
cannon,6
canon,5
cant,4
canvas,6
canyon,6
cap,3
capabilities,12
capability,10
capable,7
capacity,8
cape,4
capital,7
capitol,7
caps,4
captain,7
capture,7
captured,8
car,3
carb,4
carbon,6
card,4
cardiac,7
cardiff,7
cardiovascular,14
cards,5
care,4
career,6
careers,7
careful,7
carefully,9
carey,5
cargo,5
caribbean,9
caring,6
carl,4
carlo,5
carlos,6
carmen,6
carnival,8
carol,5
carolina,8
caroline,8
carpet,6
carried,7
carrier,7
carriers,8
carries,7
carroll,7
carry,5
carrying,8
cars,4
cart,4
carter,6
cartoon,7
cartoons,8
cartridge,9
cartridges,10
cas,3
casa,4
case,4
cases,5
casey,5
cash,4
cashiers,8
casino,6
casinos,7
casio,5
cassette,8
cast,4
casting,7
castle,6
casual,6
cat,3
catalog,7
catalogs,8
catalogue,9
catalyst,8
catch,5
categories,10
category,8
catering,8
cathedral,9
catherine,9
catholic,8
cats,4
cattle,6
caught,6
cause,5
caused,6
causes,6
causing,7
caution,7
cave,4
cayman,6
cb,2
cbs,3
cc,2
ccd,3
cd,2
cdna,4
cds,3
cdt,3
ce,2
cedar,5
ceiling,7
celebrate,9
celebration,11
celebrities,11
celebrity,9
celebs,6
cell,4
cells,5
cellular,8
celtic,6
cement,6
cemetery,8
census,6
cent,4
center,6
centered,8
centers,7
central,7
centre,6
centres,7
cents,5
centuries,9
century,7
ceo,3
ceramic,7
ceremony,8
certain,7
certainly,9
certificate,11
certificates,12
certification,13
certified,9
cest,4
cet,3
cf,2
cfr,3
cg,2
cgi,3
ch,2
chad,4
chain,5
chains,6
chair,5
chairman,8
chairs,6
challenge,9
challenged,10
challenges,10
challenging,11
chamber,7
chambers,8
champagne,9
champion,8
champions,9
championship,12
championships,13
chan,4
chance,6
chancellor,10
chances,7
change,6
changed,7
changelog,9
changes,7
changing,8
channel,7
channels,8
chaos,5
chapel,6
chapter,7
chapters,8
char,4
character,9
characteristic,14
characteristics,15
characterization,16
characterized,13
characters,10
charge,6
charged,7
charger,7
chargers,8
charges,7
charging,8
charitable,10
charity,7
charles,7
charleston,10
charlie,7
charlotte,9
charm,5
charming,8
charms,6
chart,5
charter,7
charts,6
chase,5
chassis,7
chat,4
cheap,5
cheaper,7
cheapest,8
cheat,5
cheats,6
check,5
checked,7
checking,8
checklist,9
checkout,8
checks,6
cheers,6
cheese,6
chef,4
chelsea,7
chem,4
chemical,8
chemicals,9
chemistry,9
chen,4
cheque,6
cherry,6
chess,5
chest,5
chester,7
chevrolet,9
chevy,5
chi,3
chicago,7
chick,5
chicken,7
chicks,6
chief,5
child,5
childhood,9
children,8
childrens,9
chile,5
china,5
chinese,7
chip,4
chips,5
cho,3
chocolate,9
choice,6
choices,7
choir,5
cholesterol,11
choose,6
choosing,8
chorus,6
chose,5
chosen,6
chris,5
christ,6
christian,9
christianity,12
christians,10
christina,9
christine,9
christmas,9
christopher,11
chrome,6
chronic,7
chronicle,9
chronicles,10
chrysler,8
chubby,6
chuck,5
church,6
churches,8
ci,2
cia,3
cialis,6
ciao,4
cigarette,9
cigarettes,10
cincinnati,10
cindy,5
cinema,6
cingular,8
cio,3
cir,3
circle,6
circles,7
circuit,7
circuits,8
circular,8
circulation,11
circumstances,13
circus,6
cisco,5
citation,8
citations,9
cite,4
cited,5
cities,6
citizen,7
citizens,8
citizenship,11
city,4
citysearch,10
civic,5
civil,5
civilian,8
civilization,12
cj,2
cl,2
claim,5
claimed,7
claims,6
claire,6
clan,4
clara,5
clarity,7
clark,5
clarke,6
class,5
classes,7
classic,7
classical,9
classics,8
classification,14
classified,10
classifieds,11
classroom,9
clause,6
clay,4
clean,5
cleaner,7
cleaners,8
cleaning,8
cleanup,7
clear,5
clearance,9
cleared,7
clearing,8
clearly,7
clerk,5
cleveland,9
click,5
clicking,8
clicks,6
client,6
clients,7
cliff,5
climate,7
climb,5
climbing,8
clinic,6
clinical,8
clinics,7
clinton,7
clip,4
clips,5
clock,5
clocks,6
clone,5
close,5
closed,6
closely,7
closer,6
closes,6
closest,7
closing,7
closure,7
cloth,5
clothes,7
clothing,8
cloud,5
clouds,6
cloudy,6
club,4
clubs,5
cluster,7
clusters,8
cm,2
cms,3
cn,2
cnet,4
cnetcom,7
cnn,3
co,2
coach,5
coaches,7
coaching,8
coal,4
coalition,9
coast,5
coastal,7
coat,4
coated,6
coating,7
cock,4
cocks,5
cod,3
code,4
codes,5
coding,6
coffee,6
cognitive,9
cohen,5
coin,4
coins,5
col,3
cold,4
cole,4
coleman,7
colin,5
collaboration,13
collaborative,13
collapse,8
collar,6
colleague,9
colleagues,10
collect,7
collectables,12
collected,9
collectible,11
collectibles,12
collecting,10
collection,10
collections,11
collective,10
collector,9
collectors,10
college,7
colleges,8
collins,7
cologne,7
colombia,8
colon,5
colonial,8
colony,6
color,5
colorado,8
colored,7
colors,6
colour,6
colours,7
columbia,8
columbus,8
column,6
columnists,10
columns,7
com,3
combat,6
combination,11
combinations,12
combine,7
combined,8
combines,8
combining,9
combo,5
come,4
comedy,6
comes,5
comfort,7
comfortable,11
comic,5
comics,6
coming,6
comm,4
command,7
commander,9
commands,8
comment,7
commentary,10
commented,9
comments,8
commerce,8
commercial,10
commission,10
commissioner,12
commissioners,13
commissions,11
commit,6
commitment,10
commitments,11
committed,9
committee,9
committees,10
commodities,11
commodity,9
common,6
commonly,8
commons,7
commonwealth,12
communicate,11
communication,13
communications,14
communist,9
communities,11
community,9
comp,4
compact,7
companies,9
companion,9
company,7
compaq,6
comparable,10
comparative,11
compare,7
compared,8
comparing,9
comparison,10
comparisons,11
compatibility,13
compatible,10
compensation,12
compete,7
competent,9
competing,9
competition,11
competitions,12
competitive,11
competitors,11
compilation,11
compile,7
compiled,8
compiler,8
complaint,9
complaints,10
complement,10
complete,8
completed,9
completely,10
completing,10
completion,10
complex,7
complexity,10
compliance,10
compliant,9
complicated,11
complications,13
complimentary,13
comply,6
component,9
components,10
composed,8
composer,8
composite,9
composition,11
compound,8
compounds,9
comprehensive,13
compressed,10
compression,11
compromise,10
computation,11
computational,13
compute,7
computed,8
computer,8
computers,9
computing,9
con,3
concentrate,11
concentration,13
concentrations,14
concept,7
concepts,8
conceptual,10
concern,7
concerned,9
concerning,10
concerns,8
concert,7
concerts,8
conclude,8
concluded,9
conclusion,10
conclusions,11
concord,7
concrete,8
condition,9
conditional,11
conditioning,12
conditions,10
condo,5
condos,6
conduct,7
conducted,9
conducting,10
conf,4
conference,10
conferences,11
conferencing,12
confidence,10
confident,9
confidential,12
confidentiality,15
config,6
configuration,13
configure,9
configured,10
configuring,11
confirm,7
confirmation,12
confirmed,9
conflict,8
conflicts,9
confused,8
confusion,9
congo,5
congratulations,15
congress,8
congressional,13
conjunction,11
connect,7
connected,9
connecticut,11
connecting,10
connection,10
connections,11
connectivity,12
connector,9
connectors,10
cons,4
conscious,9
consciousness,13
consecutive,11
consensus,9
consent,7
consequence,11
consequences,12
consequently,12
conservation,12
conservative,12
consider,8
considerable,12
consideration,13
considerations,14
considered,10
considering,11
considers,9
consist,7
consistency,11
consistent,10
consistently,12
consisting,10
consists,8
console,7
consoles,8
consolidated,12
consolidation,13
consortium,10
conspiracy,10
const,5
constant,8
constantly,10
constitute,10
constitutes,11
constitution,12
constitutional,14
constraint,10
constraints,11
construct,9
constructed,11
construction,12
consult,7
consultancy,11
consultant,10
consultants,11
consultation,12
consulting,10
consumer,8
consumers,9
consumption,11
contact,7
contacted,9
contacting,10
contacts,8
contain,7
contained,9
container,9
containers,10
containing,10
contains,8
contamination,13
contemporary,12
content,7
contents,8
contest,7
contests,8
context,7
continent,9
continental,11
continually,11
continue,8
continued,9
continues,9
continuing,10
continuity,10
continuous,10
continuously,12
contract,8
contracting,11
contractor,10
contractors,11
contracts,9
contrary,8
contrast,8
contribute,10
contributed,11
contributing,12
contribution,12
contributions,13
contributor,11
contributors,12
control,7
controlled,10
controller,10
controllers,11
controlling,11
controls,8
controversial,13
controversy,11
convenience,11
convenient,10
convention,10
conventional,12
conventions,11
convergence,11
conversation,12
conversations,13
conversion,10
convert,7
converted,9
converter,9
convertible,11
convicted,9
conviction,10
convinced,9
cook,4
cookbook,8
cooked,6
cookie,6
cookies,7
cooking,7
cool,4
cooler,6
cooling,7
cooper,6
cooperation,11
cooperative,11
coordinate,10
coordinated,11
coordinates,11
coordination,12
coordinator,11
cop,3
cope,4
copied,6
copies,6
copper,6
copy,4
copying,7
copyright,9
copyrighted,11
copyrights,10
coral,5
cord,4
cordless,8
core,4
cork,4
corn,4
cornell,7
corner,6
corners,7
cornwall,8
corp,4
corporate,9
corporation,11
corporations,12
corps,5
corpus,6
correct,7
corrected,9
correction,10
corrections,11
correctly,9
correlation,11
correspondence,14
corresponding,13
corruption,10
cos,3
cosmetic,8
cosmetics,9
cost,4
costa,5
costs,5
costume,7
costumes,8
cottage,7
cottages,8
cotton,6
could,5
council,7
councils,8
counsel,7
counseling,10
count,5
counted,7
counter,7
counters,8
counties,8
counting,8
countries,9
country,7
counts,6
county,6
couple,6
coupled,7
couples,7
coupon,6
coupons,7
courage,7
courier,7
course,6
courses,7
court,5
courtesy,8
courts,6
cove,4
cover,5
coverage,8
covered,7
covering,8
covers,6
cow,3
cowboy,6
cox,3
cp,2
cpu,3
cr,2
crack,5
cradle,6
craft,5
crafts,6
craig,5
crap,4
craps,5
crash,5
crawford,8
crazy,5
cream,5
create,6
created,7
creates,7
creating,8
creation,8
creations,9
creative,8
creativity,10
creator,7
creature,8
creatures,9
credit,6
credits,7
creek,5
crest,5
crew,4
cricket,7
crime,5
crimes,6
criminal,8
crisis,6
criteria,8
criterion,9
critical,8
criticism,9
critics,7
crm,3
croatia,7
crop,4
crops,5
cross,5
crossing,8
crossword,9
crowd,5
crown,5
crucial,7
crude,5
cruise,6
cruises,7
cruz,4
cry,3
crystal,7
cs,2
css,3
cst,3
ct,2
cu,2
cuba,4
cube,4
cubic,5
cuisine,7
cult,4
cultural,8
culture,7
cultures,8
cum,3
cumshot,7
cumshots,8
cumulative,10
cunt,4
cup,3
cups,4
cure,4
curious,7
currencies,10
currency,8
current,7
currently,9
curriculum,10
cursor,6
curtis,6
curve,5
curves,6
custody,7
custom,6
customer,8
customers,9
customise,9
customize,9
customized,10
customs,7
cut,3
cute,4
cuts,4
cutting,7
cv,2
cvs,3
cw,2
cyber,5
cycle,5
cycles,6
cycling,7
cylinder,8
cyprus,6
cz,2
czech,5
d,1
da,2
dad,3
daddy,5
daily,5
dairy,5
daisy,5
dakota,6
dale,4
dallas,6
dam,3
damage,6
damaged,7
damages,7
dame,4
damn,4
dan,3
dana,4
dance,5
dancing,7
danger,6
dangerous,9
daniel,6
danish,6
danny,5
dans,4
dare,4
dark,4
darkness,8
darwin,6
das,3
dash,4
dat,3
data,4
database,8
databases,9
date,4
dated,5
dates,5
dating,6
daughter,8
daughters,9
dave,4
david,5
davidson,8
davis,5
dawn,4
day,3
days,4
dayton,6
db,2
dc,2
dd,2
ddr,3
de,2
dead,4
deadline,8
deadly,6
deaf,4
deal,4
dealer,6
dealers,7
dealing,7
deals,5
dealt,5
dealtime,8
dean,4
dear,4
death,5
deaths,6
debate,6
debian,6
deborah,7
debt,4
debug,5
debut,5
dec,3
decade,6
decades,7
december,8
decent,6
decide,6
decided,7
decimal,7
decision,8
decisions,9
deck,4
declaration,11
declare,7
declared,8
decline,7
declined,8
decor,5
decorating,10
decorative,10
decrease,8
decreased,9
dedicated,9
dee,3
deemed,6
deep,4
deeper,6
deeply,6
deer,4
def,3
default,7
defeat,6
defects,7
defence,7
defend,6
defendant,9
defense,7
defensive,9
deferred,8
deficit,7
define,6
defined,7
defines,7
defining,8
definitely,10
definition,10
definitions,11
degree,6
degrees,7
del,3
delaware,8
delay,5
delayed,7
delays,6
delegation,10
delete,6
deleted,7
delhi,5
delicious,9
delight,7
deliver,7
delivered,9
delivering,10
delivers,8
delivery,8
dell,4
delta,5
deluxe,6
dem,3
demand,6
demanding,9
demands,7
demo,4
democracy,9
democrat,8
democratic,10
democrats,9
demographic,11
demonstrate,11
demonstrated,12
demonstrates,12
demonstration,13
den,3
denial,6
denied,6
denmark,7
dennis,6
dense,5
density,7
dental,6
dentists,8
denver,6
deny,4
department,10
departmental,12
departments,11
departure,9
depend,6
dependence,10
dependent,9
depending,9
depends,7
deployment,10
deposit,7
deposits,8
depot,5
depression,10
dept,4
depth,5
deputy,6
der,3
derby,5
derek,5
derived,7
des,3
descending,10
describe,8
described,9
describes,9
describing,10
description,11
descriptions,12
desert,6
deserve,7
design,6
designated,10
designation,11
designed,8
designer,8
designers,9
designing,9
designs,7
desirable,9
desire,6
desired,7
desk,4
desktop,7
desktops,8
desperate,9
despite,7
destination,11
destinations,12
destiny,7
destroy,7
destroyed,9
destruction,11
detail,6
detailed,8
details,7
detect,6
detected,8
detection,9
detective,9
detector,8
determination,13
determine,9
determined,10
determines,10
determining,11
detroit,7
deutsch,7
deutsche,8
deutschland,11
dev,3
devel,5
develop,7
developed,9
developer,9
developers,10
developing,10
development,11
developmental,13
developments,12
develops,8
deviant,7
deviation,9
device,6
devices,7
devil,5
devon,5
devoted,7
df,2
dg,2
dh,2
di,2
diabetes,8
diagnosis,9
diagnostic,10
diagram,7
dial,4
dialog,6
dialogue,8
diameter,8
diamond,7
diamonds,8
diana,5
diane,5
diary,5
dice,4
dick,4
dicke,5
dicks,5
dictionaries,12
dictionary,10
did,3
die,3
died,4
diego,5
dies,4
diesel,6
diet,4
dietary,7
diff,4
differ,6
difference,10
differences,11
different,9
differential,12
differently,11
difficult,9
difficulties,12
difficulty,10
diffs,5
dig,3
digest,6
digit,5
digital,7
dildo,5
dildos,6
dim,3
dimension,9
dimensional,11
dimensions,10
dining,6
dinner,6
dip,3
diploma,7
dir,3
direct,6
directed,8
direction,9
directions,10
directive,9
directly,8
director,8
directories,11
directors,9
directory,9
dirt,4
dirty,5
dis,3
disabilities,12
disability,10
disable,7
disabled,8
disagree,8
disappointed,12
disaster,8
disc,4
discharge,9
disciplinary,12
discipline,10
disciplines,11
disclaimer,10
disclaimers,11
disclose,8
disclosure,10
disco,5
discount,8
discounted,10
discounts,9
discover,8
discovered,10
discovery,9
discrete,8
discretion,10
discrimination,14
discs,5
discuss,7
discussed,9
discusses,9
discussing,10
discussion,10
discussions,11
disease,7
diseases,8
dish,4
dishes,6
disk,4
disks,5
disney,6
disorder,8
disorders,9
dispatch,8
dispatched,10
display,7
displayed,9
displaying,10
displays,8
disposal,8
disposition,11
dispute,7
disputes,8
dist,4
distance,8
distances,9
distant,7
distinct,8
distinction,11
distinguished,13
distribute,10
distributed,11
distribution,12
distributions,13
distributor,11
distributors,12
district,8
districts,9
disturbed,9
div,3
dive,4
diverse,7
diversity,9
divide,6
divided,7
dividend,8
divine,6
diving,6
division,8
divisions,9
divorce,7
divx,4
diy,3
dj,2
dk,2
dl,2
dm,2
dna,3
dns,3
do,2
doc,3
dock,4
docs,4
doctor,6
doctors,7
doctrine,8
document,8
documentary,11
documentation,13
documentcreatetextnode,22
documented,10
documents,9
dod,3
dodge,5
doe,3
does,4
dog,3
dogs,4
doing,5
doll,4
dollar,6
dollars,7
dolls,5
dom,3
domain,6
domains,7
dome,4
domestic,8
dominant,8
dominican,9
don,3
donald,6
donate,6
donated,7
donation,8
donations,9
done,4
donna,5
donor,5
donors,6
dont,4
doom,4
door,4
doors,5
dos,3
dosage,6
dose,4
dot,3
double,6
doubt,5
doug,4
douglas,7
dover,5
dow,3
down,4
download,8
downloadable,12
downloadcom,11
downloaded,10
downloading,11
downloads,9
downtown,8
dozen,5
dozens,6
dp,2
dpi,3
dr,2
draft,5
drag,4
dragon,6
drain,5
drainage,8
drama,5
dramatic,8
dramatically,12
draw,4
drawing,7
drawings,8
drawn,5
draws,5
dream,5
dreams,6
dress,5
dressed,7
dresses,7
dressing,8
drew,4
dried,5
drill,5
drilling,8
drink,5
drinking,8
drinks,6
drive,5
driven,6
driver,6
drivers,7
drives,6
driving,7
drop,4
dropped,7
drops,5
drove,5
drug,4
drugs,5
drum,4
drums,5
drunk,5
dry,3
dryer,5
ds,2
dsc,3
dsl,3
dt,2
dts,3
du,2
dual,4
dubai,5
dublin,6
duck,4
dude,4
due,3
dui,3
duke,4
dumb,4
dump,4
duncan,6
duo,3
duplicate,9
durable,7
duration,8
durham,6
during,6
dust,4
dutch,5
duties,6
duty,4
dv,2
dvd,3
dvds,4
dx,2
dying,5
dylan,5
dynamic,7
dynamics,8
e,1
ea,2
each,4
eagle,5
eagles,6
ear,3
earl,4
earlier,7
earliest,8
early,5
earn,4
earned,6
earning,7
earnings,8
earrings,8
ears,4
earth,5
earthquake,10
ease,4
easier,6
easily,6
east,4
easter,6
eastern,7
easy,4
eat,3
eating,6
eau,3
ebay,4
ebony,5
ebook,5
ebooks,6
ec,2
echo,4
eclipse,7
eco,3
ecological,10
ecology,7
ecommerce,9
economic,8
economics,9
economies,9
economy,7
ecuador,7
ed,2
eddie,5
eden,4
edgar,5
edge,4
edges,5
edinburgh,9
edit,4
edited,6
editing,7
edition,7
editions,8
editor,6
editorial,9
editorials,10
editors,7
edmonton,8
eds,3
edt,3
educated,8
education,9
educational,11
educators,9
edward,6
edwards,7
ee,2
ef,2
effect,6
effective,9
effectively,11
effectiveness,13
effects,7
efficiency,10
efficient,9
efficiently,11
effort,6
efforts,7
eg,2
egg,3
eggs,4
egypt,5
egyptian,8
eh,2
eight,5
either,6
ejaculation,11
el,2
elder,5
elderly,7
elect,5
elected,7
election,8
elections,9
electoral,9
electric,8
electrical,10
electricity,11
electro,7
electron,8
electronic,10
electronics,11
elegant,7
element,7
elementary,10
elements,8
elephant,8
elevation,9
eleven,6
eligibility,11
eligible,8
eliminate,9
elimination,11
elite,5
elizabeth,9
ellen,5
elliott,7
ellis,5
else,4
elsewhere,9
elvis,5
em,2
emacs,5
email,5
emails,6
embassy,7
embedded,8
emerald,7
emergency,9
emerging,8
emily,5
eminem,6
emirates,8
emission,8
emissions,9
emma,4
emotional,9
emotions,8
emperor,7
emphasis,8
empire,6
empirical,9
employ,6
employed,8
employee,8
employees,9
employer,8
employers,9
employment,10
empty,5
en,2
enable,6
enabled,7
enables,7
enabling,8
enb,3
enclosed,8
enclosure,9
encoding,8
encounter,9
encountered,11
encourage,9
encouraged,10
encourages,10
encouraging,11
encryption,10
encyclopedia,12
end,3
endangered,10
ended,5
endif,5
ending,6
endless,7
endorsed,8
endorsement,11
ends,4
enemies,7
enemy,5
energy,6
enforcement,11
eng,3
engage,6
engaged,7
engagement,10
engaging,8
engine,6
engineer,8
engineering,11
engineers,9
engines,7
england,7
english,7
enhance,7
enhanced,8
enhancement,11
enhancements,12
enhancing,9
enjoy,5
enjoyed,7
enjoying,8
enlarge,7
enlargement,11
enormous,8
enough,6
enquiries,9
enquiry,7
enrolled,8
enrollment,10
ensemble,8
ensure,6
ensures,7
ensuring,8
ent,3
enter,5
entered,7
entering,8
enterprise,10
enterprises,11
enters,6
entertaining,12
entertainment,13
entire,6
entirely,8
entities,8
entitled,8
entity,6
entrance,8
entrepreneur,12
entrepreneurs,13
entries,7
entry,5
envelope,8
environment,11
environmental,13
environments,12
enzyme,6
eos,3
ep,2
epa,3
epic,4
epinions,8
epinionscom,11
episode,7
episodes,8
epson,5
eq,2
equal,5
equality,8
equally,7
equation,8
equations,9
equilibrium,11
equipment,9
equipped,8
equity,6
equivalent,10
er,2
era,3
eric,4
ericsson,8
erik,4
erotic,6
erotica,7
erp,3
error,5
errors,6
es,2
escape,6
escort,6
escorts,7
especially,10
espn,4
essay,5
essays,6
essence,7
essential,9
essentially,11
essentials,10
essex,5
est,3
establish,9
established,11
establishing,12
establishment,13
estate,6
estates,7
estimate,8
estimated,9
estimates,9
estimation,10
estonia,7
et,2
etc,3
eternal,7
ethernet,8
ethical,7
ethics,6
ethiopia,8
ethnic,6
eu,2
eugene,6
eur,3
euro,4
europe,6
european,8
euros,5
ev,2
eva,3
eval,4
evaluate,8
evaluated,9
evaluating,10
evaluation,10
evaluations,11
evanescence,11
evans,5
eve,3
even,4
evening,7
event,5
events,6
eventually,10
ever,4
every,5
everybody,9
everyday,8
everyone,8
everything,10
everywhere,10
evidence,8
evident,7
evil,4
evolution,9
ex,2
exact,5
exactly,7
exam,4
examination,11
examinations,12
examine,7
examined,8
examines,8
examining,9
example,7
examples,8
exams,5
exceed,6
excel,5
excellence,10
excellent,9
except,6
exception,9
exceptional,11
exceptions,10
excerpt,7
excess,6
excessive,9
exchange,8
exchanges,9
excited,7
excitement,10
exciting,8
exclude,7
excluded,8
excluding,9
exclusion,9
exclusive,9
exclusively,11
excuse,6
exec,4
execute,7
executed,8
execution,9
executive,9
executives,10
exempt,6
exemption,9
exercise,8
exercises,9
exhaust,7
exhibit,7
exhibition,10
exhibitions,11
exhibits,8
exist,5
existed,7
existence,9
existing,8
exists,6
exit,4
exotic,6
exp,3
expand,6
expanded,8
expanding,9
expansion,9
expansys,8
expect,6
expectations,12
expected,8
expects,7
expedia,7
expenditure,11
expenditures,12
expense,7
expenses,8
expensive,9
experience,10
experienced,11
experiences,11
experiencing,12
experiment,10
experimental,12
experiments,11
expert,6
expertise,9
experts,7
expiration,10
expired,7
expires,7
explain,7
explained,9
explaining,10
explains,8
explanation,11
explicit,8
explicitly,10
exploration,11
explore,7
explorer,8
exploring,9
explosion,9
expo,4
export,6
exports,7
exposed,7
exposure,8
express,7
expressed,9
expression,10
expressions,11
ext,3
extend,6
extended,8
extending,9
extends,7
extension,9
extensions,10
extensive,9
extent,6
exterior,8
external,8
extra,5
extract,7
extraction,10
extraordinary,13
extras,6
extreme,7
extremely,9
eye,3
eyed,4
eyes,4
ez,2
f,1
fa,2
fabric,6
fabrics,7
fabulous,8
face,4
faced,5
faces,5
facial,6
facilitate,10
facilities,10
facility,8
facing,6
fact,4
factor,6
factors,7
factory,7
facts,5
faculty,7
fail,4
failed,6
failing,7
fails,5
failure,7
failures,8
fair,4
fairfield,9
fairly,6
fairy,5
faith,5
fake,4
fall,4
fallen,6
falling,7
falls,5
false,5
fame,4
familiar,8
families,8
family,6
famous,6
fan,3
fancy,5
fans,4
fantastic,9
fantasy,7
faq,3
faqs,4
far,3
fare,4
fares,5
farm,4
farmer,6
farmers,7
farming,7
farms,5
fascinating,11
fashion,7
fast,4
faster,6
fastest,7
fat,3
fatal,5
fate,4
father,6
fathers,7
fatty,5
fault,5
favor,5
favorite,8
favorites,9
favors,6
favour,6
favourite,9
favourites,10
fax,3
fbi,3
fc,2
fcc,3
fd,2
fda,3
fe,2
fear,4
fears,5
feat,4
feature,7
featured,8
features,8
featuring,9
feb,3
february,8
fed,3
federal,7
federation,10
fee,3
feed,4
feedback,8
feeding,7
feeds,5
feel,4
feeling,7
feelings,8
feels,5
fees,4
feet,4
fell,4
fellow,6
fellowship,10
felt,4
female,6
females,7
fence,5
feof,4
ferrari,7
ferry,5
festival,8
festivals,9
fetish,6
fever,5
few,3
fewer,5
ff,2
fg,2
fi,2
fiber,5
fibre,5
fiction,7
field,5
fields,6
fifteen,7
fifth,5
fifty,5
fig,3
fight,5
fighter,7
fighters,8
fighting,8
figure,6
figured,7
figures,7
fiji,4
file,4
filed,5
filename,8
files,5
filing,6
fill,4
filled,6
filling,7
film,4
filme,5
films,5
filter,6
filtering,9
filters,7
fin,3
final,5
finally,7
finals,6
finance,7
finances,8
financial,9
financing,9
find,4
findarticles,12
finder,6
finding,7
findings,8
findlaw,7
finds,5
fine,4
finest,6
finger,6
fingering,9
fingers,7
finish,6
finished,8
finishing,9
finite,6
finland,7
finnish,7
fioricet,8
fire,4
fired,5
firefox,7
fireplace,9
fires,5
firewall,8
firewire,8
firm,4
firms,5
firmware,8
first,5
fiscal,6
fish,4
fisher,6
fisheries,9
fishing,7
fist,4
fisting,7
fit,3
fitness,7
fits,4
fitted,6
fitting,7
five,4
fix,3
fixed,5
fixes,5
fixtures,8
fl,2
fla,3
flag,4
flags,5
flame,5
flash,5
flashers,8
flashing,8
flat,4
flavor,6
fleece,6
fleet,5
flesh,5
flex,4
flexibility,11
flexible,8
flickr,6
flight,6
flights,7
flip,4
float,5
floating,8
flood,5
floor,5
flooring,8
floors,6
floppy,6
floral,6
florence,8
florida,7
florist,7
florists,8
flour,5
flow,4
flower,6
flowers,7
flows,5
floyd,5
flu,3
fluid,5
flush,5
flux,4
fly,3
flyer,5
flying,6
fm,2
fo,2
foam,4
focal,5
focus,5
focused,7
focuses,7
focusing,8
fog,3
fold,4
folder,6
folders,7
folding,7
folk,4
folks,5
follow,6
followed,8
following,9
follows,7
font,4
fonts,5
foo,3
food,4
foods,5
fool,4
foot,4
footage,7
football,8
footwear,8
for,3
forbes,6
forbidden,9
force,5
forced,6
forces,6
ford,4
forecast,8
forecasts,9
foreign,7
forest,6
forestry,8
forests,7
forever,7
forge,5
forget,6
forgot,6
forgotten,9
fork,4
form,4
formal,6
format,6
formation,9
formats,7
formatting,10
formed,6
former,6
formerly,8
forming,7
forms,5
formula,7
fort,4
forth,5
fortune,7
forty,5
forum,5
forums,6
forward,7
forwarding,10
fossil,6
foster,6
foto,4
fotos,5
fought,6
foul,4
found,5
foundation,10
foundations,11
founded,7
founder,7
fountain,8
four,4
fourth,6
fox,3
fp,2
fr,2
fraction,8
fragrance,9
fragrances,10
frame,5
framed,6
frames,6
framework,9
framing,7
france,6
franchise,9
francis,7
francisco,9
frank,5
frankfurt,9
franklin,8
fraser,6
fraud,5
fred,4
frederick,9
free,4
freebsd,7
freedom,7
freelance,9
freely,6
freeware,8
freeze,6
freight,7
french,6
frequencies,11
frequency,9
frequent,8
frequently,10
fresh,5
fri,3
friday,6
fridge,6
friend,6
friendly,8
friends,7
friendship,10
frog,4
from,4
front,5
frontier,8
frontpage,9
frost,5
frozen,6
fruit,5
fruits,6
fs,2
ft,2
ftp,3
fu,2
fuck,4
fucked,6
fucking,7
fuel,4
fuji,4
fujitsu,7
full,4
fully,5
fun,3
function,8
functional,10
functionality,13
functioning,11
functions,9
fund,4
fundamental,11
fundamentals,12
funded,6
funding,7
fundraising,11
funds,5
funeral,7
funk,4
funky,5
funny,5
fur,3
furnished,9
furnishings,11
furniture,9
further,7
furthermore,11
fusion,6
future,6
futures,7
fuzzy,5
fw,2
fwd,3
fx,2
fy,2
g,1
ga,2
gabriel,7
gadgets,7
gage,4
gain,4
gained,6
gains,5
galaxy,6
gale,4
galleries,9
gallery,7
gambling,8
game,4
gamecube,8
games,5
gamespot,8
gaming,6
gamma,5
gang,4
gangbang,8
gap,3
gaps,4
garage,6
garbage,7
garcia,6
garden,6
gardening,9
gardens,7
garlic,6
garmin,6
gary,4
gas,3
gasoline,8
gate,4
gates,5
gateway,7
gather,6
gathered,8
gathering,9
gauge,5
gave,4
gay,3
gays,4
gazette,7
gb,2
gba,3
gbp,3
gc,2
gcc,3
gd,2
gdp,3
ge,2
gear,4
geek,4
gel,3
gem,3
gen,3
gender,6
gene,4
genealogy,9
general,7
generally,9
generate,8
generated,9
generates,9
generating,10
generation,10
generations,11
generator,9
generators,10
generic,7
generous,8
genes,5
genesis,7
genetic,7
genetics,8
geneva,6
genius,6
genome,6
genre,5
genres,6
gentle,6
gentleman,9
gently,6
genuine,7
geo,3
geographic,10
geographical,12
geography,9
geological,10
geology,7
geometry,8
george,6
georgia,7
gerald,6
german,6
germany,7
get,3
gets,4
getting,7
gg,2
ghana,5
ghost,5
ghz,3
gi,2
giant,5
giants,6
gibraltar,9
gibson,6
gif,3
gift,4
gifts,5
gig,3
gilbert,7
girl,4
girlfriend,10
girls,5
gis,3
give,4
given,5
gives,5
giving,6
gl,2
glad,4
glance,6
glasgow,7
glass,5
glasses,7
glen,4
glenn,5
global,6
globe,5
glory,5
glossary,8
gloves,6
glow,4
glucose,7
gm,2
gmbh,4
gmc,3
gmt,3
gnome,5
gnu,3
go,2
goal,4
goals,5
goat,4
god,3
gods,4
goes,4
going,5
gold,4
golden,6
golf,4
gone,4
gonna,5
good,4
goods,5
google,6
gordon,6
gore,4
gorgeous,8
gospel,6
gossip,6
got,3
gothic,6
goto,4
gotta,5
gotten,6
gourmet,7
gov,3
governance,10
governing,9
government,10
governmental,12
governments,11
governor,8
govt,4
gp,2
gpl,3
gps,3
gr,2
grab,4
grace,5
grad,4
grade,5
grades,6
gradually,9
graduate,8
graduated,9
graduates,9
graduation,10
graham,6
grain,5
grammar,7
grams,5
grand,5
grande,6
granny,6
grant,5
granted,7
grants,6
graph,5
graphic,7
graphical,9
graphics,8
graphs,6
gras,4
grass,5
grateful,8
gratis,6
gratuit,7
grave,5
gravity,7
gray,4
great,5
greater,7
greatest,8
greatly,7
greece,6
greek,5
green,5
greene,6
greenhouse,10
greensboro,10
greeting,8
greetings,9
greg,4
gregory,7
grenada,7
grew,4
grey,4
grid,4
griffin,7
grill,5
grip,4
grocery,7
groove,6
gross,5
ground,6
grounds,7
groundwater,11
group,5
groups,6
grove,5
grow,4
growing,7
grown,5
grows,5
growth,6
gs,2
gsm,3
gst,3
gt,2
gtk,3
guam,4
guarantee,9
guaranteed,10
guarantees,10
guard,5
guardian,8
guards,6
guatemala,9
guess,5
guest,5
guestbook,9
guests,6
gui,3
guidance,8
guide,5
guided,6
guidelines,10
guides,6
guild,5
guilty,6
guinea,6
guitar,6
guitars,7
gulf,4
gun,3
guns,4
guru,4
guy,3
guyana,6
guys,4
gym,3
gzip,4
h,1
ha,2
habitat,7
habits,6
hack,4
hacker,6
had,3
hair,4
hairy,5
haiti,5
half,4
halfcom,7
halifax,7
hall,4
halloween,9
halo,4
ham,3
hamburg,7
hamilton,8
hammer,6
hampshire,9
hampton,7
hand,4
handbags,8
handbook,8
handed,6
handheld,8
handhelds,9
handjob,7
handjobs,8
handle,6
handled,7
handles,7
handling,8
handmade,8
hands,5
handy,5
hang,4
hanging,7
hans,4
hansen,6
happen,6
happened,8
happening,9
happens,7
happiness,9
happy,5
harassment,10
harbor,6
harbour,7
hard,4
hardcore,8
hardcover,9
harder,6
hardly,6
hardware,8
hardwood,8
harley,6
harm,4
harmful,7
harmony,7
harold,6
harper,6
harris,6
harrison,8
harry,5
hart,4
hartford,8
harvard,7
harvest,7
harvey,6
has,3
hash,4
hat,3
hate,4
hats,4
have,4
haven,5
having,6
hawaii,6
hawaiian,8
hawk,4
hay,3
hayes,5
hazard,6
hazardous,9
hazards,7
hb,2
hc,2
hd,2
hdtv,4
he,2
head,4
headed,6
header,6
headers,7
heading,7
headline,8
headlines,9
headphones,10
headquarters,12
heads,5
headset,7
healing,7
health,6
healthcare,10
healthy,7
hear,4
heard,5
hearing,7
hearings,8
heart,5
hearts,6
heat,4
heated,6
heater,6
heath,5
heather,7
heating,7
heaven,6
heavily,7
heavy,5
hebrew,6
heel,4
height,6
heights,7
held,4
helen,5
helena,6
helicopter,10
hell,4
hello,5
helmet,6
help,4
helped,6
helpful,7
helping,7
helps,5
hence,5
henderson,9
henry,5
hentai,6
hepatitis,9
her,3
herald,6
herb,4
herbal,6
herbs,5
here,4
hereby,6
herein,6
heritage,8
hero,4
heroes,6
herself,7
hewlett,7
hey,3
hh,2
hi,2
hidden,6
hide,4
hierarchy,9
high,4
higher,6
highest,7
highland,8
highlight,9
highlighted,11
highlights,10
highly,6
highs,5
highway,7
highways,8
hiking,6
hill,4
hills,5
hilton,6
him,3
himself,7
hindu,5
hint,4
hints,5
hip,3
hire,4
hired,5
hiring,6
his,3
hispanic,8
hist,4
historic,8
historical,10
history,7
hit,3
hitachi,7
hits,4
hitting,7
hiv,3
hk,2
hl,2
ho,2
hobbies,7
hobby,5
hockey,6
hold,4
holdem,6
holder,6
holders,7
holding,7
holdings,8
holds,5
hole,4
holes,5
holiday,7
holidays,8
holland,7
hollow,6
holly,5
hollywood,9
holmes,6
holocaust,9
holy,4
home,4
homeland,8
homeless,8
homepage,8
homes,5
hometown,8
homework,8
hon,3
honda,5
honduras,8
honest,6
honey,5
hong,4
honolulu,8
honor,5
honors,6
hood,4
hook,4
hop,3
hope,4
hoped,5
hopefully,9
hopes,5
hoping,6
hopkins,7
horizon,7
horizontal,10
hormone,7
horn,4
horny,5
horrible,8
horror,6
horse,5
horses,6
hose,4
hospital,8
hospitality,11
hospitals,9
host,4
hosted,6
hostel,6
hostels,7
hosting,7
hosts,5
hot,3
hotel,5
hotels,6
hotelscom,9
hotmail,7
hottest,7
hour,4
hourly,6
hours,5
house,5
household,9
households,10
houses,6
housewares,10
housewives,10
housing,7
houston,7
how,3
howard,6
however,7
howto,5
hp,2
hq,2
hr,2
href,4
hrs,3
hs,2
ht,2
html,4
http,4
hu,2
hub,3
hudson,6
huge,4
hugh,4
hughes,6
hugo,4
hull,4
human,5
humanitarian,12
humanities,10
humanity,8
humans,6
humidity,8
humor,5
hundred,7
hundreds,8
hung,4
hungarian,9
hungary,7
hunger,6
hungry,6
hunt,4
hunter,6
hunting,7
huntington,10
hurricane,9
hurt,4
husband,7
hwy,3
hybrid,6
hydraulic,9
hydrocodone,11
hydrogen,8
hygiene,7
hypothesis,10
hypothetical,12
hyundai,7
hz,2
i,1
ia,2
ian,3
ibm,3
ic,2
ice,3
iceland,7
icon,4
icons,5
icq,3
ict,3
id,2
idaho,5
ide,3
idea,4
ideal,5
ideas,5
identical,9
identification,14
identified,10
identifier,10
identifies,10
identify,8
identifying,11
identity,8
idle,4
idol,4
ids,3
ie,2
ieee,4
if,2
ignore,6
ignored,7
ii,2
iii,3
il,2
ill,3
illegal,7
illinois,8
illness,7
illustrated,11
illustration,12
illustrations,13
im,2
ima,3
image,5
images,6
imagination,11
imagine,7
imaging,7
img,3
immediate,9
immediately,11
immigrants,10
immigration,11
immune,6
immunology,10
impact,6
impacts,7
impaired,8
imperial,8
implement,9
implementation,14
implemented,11
implementing,12
implications,12
implied,7
implies,7
import,6
importance,10
important,9
importantly,11
imported,8
imports,7
impose,6
imposed,7
impossible,10
impressed,9
impression,10
impressive,10
improve,7
improved,8
improvement,11
improvements,12
improving,9
in,2
inappropriate,13
inbox,5
inc,3
incentive,9
incentives,10
incest,6
inch,4
inches,6
incidence,9
incident,8
incidents,9
incl,4
include,7
included,8
includes,8
including,9
inclusion,9
inclusive,9
income,6
incoming,8
incomplete,10
incorporate,11
incorporated,12
incorrect,9
increase,8
increased,9
increases,9
increasing,10
increasingly,12
incredible,10
incurred,8
ind,3
indeed,6
independence,12
independent,11
independently,13
index,5
indexed,7
indexes,7
india,5
indian,6
indiana,7
indianapolis,12
indians,7
indicate,8
indicated,9
indicates,9
indicating,10
indication,10
indicator,9
indicators,10
indices,7
indie,5
indigenous,10
indirect,8
individual,10
individually,12
individuals,11
indonesia,9
indonesian,10
indoor,6
induced,7
induction,9
industrial,10
industries,10
industry,8
inexpensive,11
inf,3
infant,6
infants,7
infected,8
infection,9
infections,10
infectious,10
infinite,8
inflation,9
influence,9
influenced,10
influences,10
info,4
inform,6
informal,8
information,11
informational,13
informative,11
informed,8
infrared,8
infrastructure,14
ing,3
ingredients,11
inherited,9
initial,7
initially,9
initiated,9
initiative,10
initiatives,11
injection,9
injured,7
injuries,8
injury,6
ink,3
inkjet,6
inline,6
inn,3
inner,5
innocent,8
innovation,10
innovations,11
innovative,10
inns,4
input,5
inputs,6
inquire,7
inquiries,9
inquiry,7
ins,3
insects,7
insert,6
inserted,8
insertion,9
inside,6
insider,7
insight,7
insights,8
inspection,10
inspections,11
inspector,9
inspiration,11
inspired,8
install,7
installation,12
installations,13
installed,9
installing,10
instance,8
instances,9
instant,7
instantly,9
instead,7
institute,9
institutes,10
institution,11
institutional,13
institutions,12
instruction,11
instructional,13
instructions,12
instructor,10
instructors,11
instrument,10
instrumental,12
instrumentation,15
instruments,11
insulin,7
insurance,9
insured,7
int,3
intake,6
integer,7
integral,8
integrate,9
integrated,10
integrating,11
integration,11
integrity,9
intel,5
intellectual,12
intelligence,12
intelligent,11
intend,6
intended,8
intense,7
intensity,9
intensive,9
intent,6
intention,9
inter,5
interact,8
interaction,11
interactions,12
interactive,11
interest,8
interested,10
interesting,11
interests,9
interface,9
interfaces,10
interference,12
interim,7
interior,8
intermediate,12
internal,8
international,13
internationally,15
internet,8
internship,10
interpretation,14
interpreted,11
interracial,11
intersection,12
interstate,10
interval,8
intervals,9
intervention,12
interventions,13
interview,9
interviews,10
intimate,8
intl,4
into,4
intranet,8
intro,5
introduce,9
introduced,10
introduces,10
introducing,11
introduction,12
introductory,12
invalid,7
invasion,8
invention,9
inventory,9
invest,6
investigate,11
investigated,12
investigation,13
investigations,14
investigator,12
investigators,13
investing,9
investment,10
investments,11
investor,8
investors,9
invisible,9
invision,8
invitation,10
invitations,11
invite,6
invited,7
invoice,7
involve,7
involved,8
involvement,11
involves,8
involving,9
io,2
ion,3
iowa,4
ip,2
ipaq,4
ipod,4
ips,3
ir,2
ira,3
iran,4
iraq,4
iraqi,5
irc,3
ireland,7
irish,5
iron,4
irrigation,10
irs,3
is,2
isa,3
isaac,5
isbn,4
islam,5
islamic,7
island,6
islands,7
isle,4
iso,3
isolated,8
isolation,9
isp,3
israel,6
israeli,7
issn,4
issue,5
issued,6
issues,6
ist,3
istanbul,8
it,2
italia,6
italian,7
italiano,8
italic,6
italy,5
item,4
items,5
its,3
itsa,4
itself,6
itunes,6
iv,2
ivory,5
ix,2
j,1
ja,2
jack,4
jacket,6
jackets,7
jackie,6
jackson,7
jacksonville,12
jacob,5
jade,4
jaguar,6
jail,4
jake,4
jam,3
jamaica,7
james,5
jamie,5
jan,3
jane,4
janet,5
january,7
japan,5
japanese,8
jar,3
jason,5
java,4
javascript,10
jay,3
jazz,4
jc,2
jd,2
je,2
jean,4
jeans,5
jeep,4
jeff,4
jefferson,9
jeffrey,7
jelsoft,7
jennifer,8
jenny,5
jeremy,6
jerry,5
jersey,6
jerusalem,9
jesse,5
jessica,7
jesus,5
jet,3
jets,4
jewel,5
jewellery,9
jewelry,7
jewish,6
jews,4
jill,4
jim,3
jimmy,5
jj,2
jm,2
jo,2
joan,4
job,3
jobs,4
joe,3
joel,4
john,4
johnny,6
johns,5
johnson,7
johnston,8
join,4
joined,6
joining,7
joins,5
joint,5
joke,4
jokes,5
jon,3
jonathan,8
jones,5
jordan,6
jose,4
joseph,6
josh,4
joshua,6
journal,7
journalism,10
journalist,10
journalists,11
journals,8
journey,7
joy,3
joyce,5
jp,2
jpeg,4
jpg,3
jr,2
js,2
juan,4
judge,5
judges,6
judgment,8
judicial,8
judy,4
juice,5
jul,3
julia,5
julian,6
julie,5
july,4
jump,4
jumping,7
jun,3
junction,8
june,4
jungle,6
junior,6
junk,4
jurisdiction,12
jury,4
just,4
justice,7
justify,7
justin,6
juvenile,8
jvc,3
k,1
ka,2
kai,3
kansas,6
karaoke,7
karen,5
karl,4
karma,5
kate,4
kathy,5
katie,5
katrina,7
kay,3
kazakhstan,10
kb,2
kde,3
keen,4
keep,4
keeping,7
keeps,5
keith,5
kelkoo,6
kelly,5
ken,3
kennedy,7
kenneth,7
kenny,5
keno,4
kent,4
kentucky,8
kenya,5
kept,4
kernel,6
kerry,5
kevin,5
key,3
keyboard,8
keyboards,9
keys,4
keyword,7
keywords,8
kg,2
kick,4
kid,3
kidney,6
kids,4
kijiji,6
kill,4
killed,6
killer,6
killing,7
kills,5
kilometers,10
kim,3
kinase,6
kind,4
kinda,5
kinds,5
king,4
kingdom,7
kings,5
kingston,8
kirk,4
kiss,4
kissing,7
kit,3
kitchen,7
kits,4
kitty,5
klein,5
km,2
knee,4
knew,4
knife,5
knight,6
knights,7
knit,4
knitting,8
knives,6
knock,5
know,4
knowing,7
knowledge,9
knowledgestorm,14
known,5
knows,5
ko,2
kodak,5
kong,4
korea,5
korean,6
kruger,6
ks,2
kurt,4
kuwait,6
kw,2
ky,2
kyle,4
l,1
la,2
lab,3
label,5
labeled,7
labels,6
labor,5
laboratories,12
laboratory,10
labour,6
labs,4
lace,4
lack,4
ladder,6
laden,5
ladies,6
lady,4
lafayette,9
laid,4
lake,4
lakes,5
lamb,4
lambda,6
lamp,4
lamps,5
lan,3
lancaster,9
lance,5
land,4
landing,7
lands,5
landscape,9
landscapes,10
lane,4
lanes,5
lang,4
language,8
languages,9
lanka,5
lap,3
laptop,6
laptops,7
large,5
largely,7
larger,6
largest,7
larry,5
las,3
laser,5
last,4
lasting,7
lat,3
late,4
lately,6
later,5
latest,6
latex,5
latin,5
latina,6
latinas,7
latino,6
latitude,8
latter,6
latvia,6
lauderdale,10
laugh,5
laughing,8
launch,6
launched,8
launches,8
laundry,7
laura,5
lauren,6
law,3
lawn,4
lawrence,8
laws,4
lawsuit,7
lawyer,6
lawyers,7
lay,3
layer,5
layers,6
layout,6
lazy,4
lb,2
lbs,3
lc,2
lcd,3
ld,2
le,2
lead,4
leader,6
leaders,7
leadership,10
leading,7
leads,5
leaf,4
league,6
lean,4
learn,5
learned,7
learners,8
learning,8
lease,5
leasing,7
least,5
leather,7
leave,5
leaves,6
leaving,7
lebanon,7
lecture,7
lectures,8
led,3
lee,3
leeds,5
left,4
leg,3
legacy,6
legal,5
legally,7
legend,6
legendary,9
legends,7
legislation,11
legislative,11
legislature,11
legitimate,10
legs,4
leisure,7
lemon,5
len,3
lender,6
lenders,7
lending,7
length,6
lens,4
lenses,6
leo,3
leon,4
leonard,7
leone,5
les,3
lesbian,7
lesbians,8
leslie,6
less,4
lesser,6
lesson,6
lessons,7
let,3
lets,4
letter,6
letters,7
letting,7
leu,3
level,5
levels,6
levitra,7
levy,4
lewis,5
lexington,9
lexmark,7
lexus,5
lf,2
lg,2
li,2
liabilities,11
liability,9
liable,6
lib,3
liberal,7
liberia,7
liberty,7
librarian,9
libraries,9
library,7
libs,4
licence,7
license,7
licensed,8
licenses,8
licensing,9
licking,7
lid,3
lie,3
liechtenstein,13
lies,4
life,4
lifestyle,9
lifetime,8
lift,4
light,5
lighter,7
lighting,8
lightning,9
lights,6
lightweight,11
like,4
liked,5
likelihood,10
likely,6
likes,5
likewise,8
lil,3
lime,4
limit,5
limitation,10
limitations,11
limited,7
limiting,8
limits,6
limousines,10
lincoln,7
linda,5
lindsay,7
line,4
linear,6
lined,5
lines,5
lingerie,8
link,4
linked,6
linking,7
links,5
linux,5
lion,4
lions,5
lip,3
lips,4
liquid,6
lisa,4
list,4
listed,6
listen,6
listening,9
listing,7
listings,8
listprice,9
lists,5
lit,3
lite,4
literacy,8
literally,9
literary,8
literature,10
lithuania,9
litigation,10
little,6
live,4
livecam,7
lived,5
liver,5
liverpool,9
lives,5
livesex,7
livestock,9
living,6
liz,3
ll,2
llc,3
lloyd,5
llp,3
lm,2
ln,2
lo,2
load,4
loaded,6
loading,7
loads,5
loan,4
loans,5
lobby,5
loc,3
local,5
locale,6
locally,7
locate,6
located,7
location,8
locations,9
locator,7
lock,4
locked,6
locking,7
locks,5
lodge,5
lodging,7
log,3
logan,5
logged,6
logging,7
logic,5
logical,7
login,5
logistics,9
logitech,8
logo,4
logos,5
logs,4
lol,3
lolita,6
london,6
lone,4
lonely,6
long,4
longer,6
longest,7
longitude,9
look,4
looked,6
looking,7
looks,5
looksmart,9
lookup,6
loop,4
loops,5
loose,5
lopez,5
lord,4
los,3
lose,4
losing,6
loss,4
losses,6
lost,4
lot,3
lots,4
lottery,7
lotus,5
lou,3
loud,4
louis,5
louise,6
louisiana,9
louisville,10
lounge,6
love,4
loved,5
lovely,6
lover,5
lovers,6
loves,5
loving,6
low,3
lower,5
lowest,6
lows,4
lp,2
ls,2
lt,2
ltd,3
lu,2
lucas,5
lucia,5
luck,4
lucky,5
lucy,4
luggage,7
luis,4
luke,4
lunch,5
lung,4
luther,6
luxembourg,10
luxury,6
lycos,5
lying,5
lynn,4
lyric,5
lyrics,6
m,1
ma,2
mac,3
macedonia,9
machine,7
machinery,9
machines,8
macintosh,9
macro,5
macromedia,10
mad,3
madagascar,10
made,4
madison,7
madness,7
madonna,7
madrid,6
mae,3
mag,3
magazine,8
magazines,9
magic,5
magical,7
magnet,6
magnetic,8
magnificent,11
magnitude,9
mai,3
maiden,6
mail,4
mailed,6
mailing,7
mailman,7
mails,5
mailto,6
main,4
maine,5
mainland,8
mainly,6
mainstream,10
maintain,8
maintained,10
maintaining,11
maintains,9
maintenance,11
major,5
majority,8
make,4
maker,5
makers,6
makes,5
makeup,6
making,6
malawi,6
malaysia,8
maldives,8
male,4
males,5
mali,4
mall,4
malpractice,11
malta,5
mambo,5
man,3
manage,6
managed,7
management,10
manager,7
managers,8
managing,8
manchester,10
mandate,7
mandatory,9
manga,5
manhattan,9
manitoba,8
manner,6
manor,5
manual,6
manually,8
manuals,7
manufacture,11
manufactured,12
manufacturer,12
manufacturers,13
manufacturing,13
many,4
map,3
maple,5
mapping,7
maps,4
mar,3
marathon,8
marble,6
marc,4
march,5
marco,5
marcus,6
mardi,5
margaret,8
margin,6
maria,5
mariah,6
marie,5
marijuana,9
marilyn,7
marina,6
marine,6
mario,5
marion,6
maritime,8
mark,4
marked,6
marker,6
markers,7
market,6
marketing,9
marketplace,11
markets,7
marking,7
marks,5
marriage,8
married,7
marriott,8
mars,4
marshall,8
mart,4
martha,6
martial,7
martin,6
marvel,6
mary,4
maryland,8
mas,3
mask,4
mason,5
mass,4
massachusetts,13
massage,7
massive,7
master,6
mastercard,10
masters,7
masturbating,12
masturbation,12
mat,3
match,5
matched,7
matches,7
matching,8
mate,4
material,8
materials,9
maternity,9
math,4
mathematical,12
mathematics,11
mating,6
matrix,6
mats,4
matt,4
matter,6
matters,7
matthew,7
mattress,8
mature,6
maui,4
mauritius,9
max,3
maximize,8
maximum,7
may,3
maybe,5
mayor,5
mazda,5
mb,2
mba,3
mc,2
mcdonald,8
md,2
me,2
meal,4
meals,5
mean,4
meaning,7
meaningful,10
means,5
meant,5
meanwhile,9
measure,7
measured,8
measurement,11
measurements,12
measures,8
measuring,9
meat,4
mechanical,10
mechanics,9
mechanism,9
mechanisms,10
med,3
medal,5
media,5
median,6
medicaid,8
medical,7
medicare,8
medication,10
medications,11
medicine,8
medicines,9
medieval,8
meditation,10
mediterranean,13
medium,6
medline,7
meet,4
meeting,7
meetings,8
meets,5
meetup,6
mega,4
mel,3
melbourne,9
melissa,7
mem,3
member,6
members,7
membership,10
membrane,8
memo,4
memorabilia,11
memorial,8
memories,8
memory,6
memphis,7
men,3
mens,4
ment,4
mental,6
mention,7
mentioned,9
mentor,6
menu,4
menus,5
mercedes,8
merchandise,11
merchant,8
merchants,9
mercury,7
mercy,5
mere,4
merely,6
merge,5
merger,6
merit,5
merry,5
mesa,4
mesh,4
mess,4
message,7
messages,8
messaging,9
messenger,9
met,3
meta,4
metabolism,10
metadata,8
metal,5
metallic,8
metallica,9
metals,6
meter,5
meters,6
method,6
methodology,11
methods,7
metres,6
metric,6
metro,5
metropolitan,12
mexican,7
mexico,6
meyer,5
mf,2
mfg,3
mg,2
mh,2
mhz,3
mi,2
mia,3
miami,5
mic,3
mice,4
michael,7
michel,6
michelle,8
michigan,8
micro,5
microphone,10
microsoft,9
microwave,9
mid,3
middle,6
midi,4
midlands,8
midnight,8
midwest,7
might,5
mighty,6
migration,9
mike,4
mil,3
milan,5
mild,4
mile,4
mileage,7
miles,5
milf,4
milfhunter,10
milfs,5
military,8
milk,4
mill,4
millennium,10
miller,6
million,7
millions,8
mills,5
milton,6
milwaukee,9
mime,4
min,3
mind,4
minds,5
mine,4
mineral,7
minerals,8
mines,5
mini,4
miniature,9
minimal,7
minimize,8
minimum,7
mining,6
minister,8
ministers,9
ministries,10
ministry,8
minneapolis,11
minnesota,9
minolta,7
minor,5
minority,8
mins,4
mint,4
minus,5
minute,6
minutes,7
miracle,7
mirror,6
mirrors,7
misc,4
miscellaneous,13
miss,4
missed,6
missile,7
missing,7
mission,7
missions,8
mississippi,11
missouri,8
mistake,7
mistakes,8
mistress,8
mit,3
mitchell,8
mitsubishi,10
mix,3
mixed,5
mixer,5
mixing,6
mixture,7
mj,2
ml,2
mlb,3
mls,3
mm,2
mn,2
mo,2
mobile,6
mobiles,7
mobility,8
mod,3
mode,4
model,5
modeling,8
modelling,9
models,6
modem,5
modems,6
moderate,8
moderator,9
moderators,10
modern,6
modes,5
modification,12
modifications,13
modified,8
modify,6
mods,4
modular,7
module,6
modules,7
moisture,8
mold,4
moldova,7
molecular,9
molecules,9
mom,3
moment,6
moments,7
momentum,8
moms,4
mon,3
monaco,6
monday,6
monetary,8
money,5
mongolia,8
monica,6
monitor,7
monitored,9
monitoring,10
monitors,8
monkey,6
mono,4
monroe,6
monster,7
montana,7
monte,5
montgomery,10
month,5
monthly,7
months,6
montreal,8
mood,4
moon,4
moore,5
moral,5
more,4
moreover,8
morgan,6
morning,7
morocco,7
morris,6
morrison,8
mortality,9
mortgage,8
mortgages,9
moscow,6
moses,5
moss,4
most,4
mostly,6
motel,5
motels,6
mother,6
motherboard,11
mothers,7
motion,6
motivated,9
motivation,10
motor,5
motorcycle,10
motorcycles,11
motorola,8
motors,6
mount,5
mountain,8
mountains,9
mounted,7
mounting,8
mounts,6
mouse,5
mouth,5
move,4
moved,5
movement,8
movements,9
movers,6
moves,5
movie,5
movies,6
moving,6
mozambique,10
mozilla,7
mp,2
mpeg,4
mpegs,5
mpg,3
mph,3
mr,2
mrna,4
mrs,3
ms,2
msg,3
msgid,5
msgstr,6
msie,4
msn,3
mt,2
mtv,3
mu,2
much,4
mud,3
mug,3
multi,5
multimedia,10
multiple,8
mumbai,6
munich,6
municipal,9
municipality,12
murder,6
murphy,6
murray,6
muscle,6
muscles,7
museum,6
museums,7
music,5
musical,7
musician,8
musicians,9
muslim,6
muslims,7
must,4
mustang,7
mutual,6
muze,4
mv,2
mw,2
mx,2
my,2
myanmar,7
myers,5
myrtle,6
myself,6
mysimon,7
myspace,7
mysql,5
mysterious,10
mystery,7
myth,4
n,1
na,2
nail,4
nails,5
naked,5
nam,3
name,4
named,5
namely,6
names,5
namespace,9
namibia,7
nancy,5
nano,4
naples,6
narrative,9
narrow,6
nasa,4
nascar,6
nasdaq,6
nashville,9
nasty,5
nat,3
nathan,6
nation,6
national,8
nationally,10
nations,7
nationwide,10
native,6
nato,4
natural,7
naturally,9
naturals,8
nature,6
naughty,7
nav,3
naval,5
navigate,8
navigation,10
navigator,9
navy,4
nb,2
nba,3
nbc,3
nc,2
ncaa,4
nd,2
ne,2
near,4
nearby,6
nearest,7
nearly,6
nebraska,8
nec,3
necessarily,11
necessary,9
necessity,9
neck,4
necklace,8
need,4
needed,6
needle,6
needs,5
negative,8
negotiation,11
negotiations,12
neighbor,8
neighborhood,12
neighbors,9
neil,4
neither,7
nelson,6
neo,3
neon,4
nepal,5
nerve,5
nervous,7
nest,4
nested,6
net,3
netherlands,11
netscape,8
network,7
networking,10
networks,8
neural,6
neutral,7
nevada,6
never,5
nevertheless,12
new,3
newark,6
newbie,6
newcastle,9
newer,5
newest,6
newfoundland,12
newly,5
newport,7
news,4
newscom,7
newsletter,10
newsletters,11
newspaper,9
newspapers,10
newton,6
next,4
nextel,6
nfl,3
ng,2
nh,2
nhl,3
nhs,3
ni,2
niagara,7
nicaragua,9
nice,4
nicholas,8
nick,4
nickel,6
nickname,8
nicole,6
niger,5
nigeria,7
night,5
nightlife,9
nightmare,9
nights,6
nike,4
nikon,5
nil,3
nine,4
nintendo,8
nipple,6
nipples,7
nirvana,7
nissan,6
nitrogen,8
nj,2
nl,2
nm,2
nn,2
no,2
noble,5
nobody,6
node,4
nodes,5
noise,5
nokia,5
nominated,9
nomination,10
nominations,11
non,3
none,4
nonprofit,9
noon,4
nor,3
norfolk,7
norm,4
normal,6
normally,8
norman,6
north,5
northeast,9
northern,8
northwest,9
norton,6
norway,6
norwegian,9
nos,3
nose,4
not,3
note,4
notebook,8
notebooks,9
noted,5
notes,5
nothing,7
notice,6
noticed,7
notices,7
notification,12
notifications,13
notified,8
notify,6
notion,6
notre,5
nottingham,10
nov,3
nova,4
novel,5
novels,6
novelty,7
november,8
now,3
nowhere,7
np,2
nr,2
ns,2
nsw,3
nt,2
ntsc,4
nu,2
nuclear,7
nude,4
nudist,6
nudity,6
nuke,4
null,4
number,6
numbers,7
numeric,7
numerical,9
numerous,8
nurse,5
nursery,7
nurses,6
nursing,7
nut,3
nutrition,9
nutritional,11
nuts,4
nutten,6
nv,2
nvidia,6
nw,2
ny,2
nyc,3
nylon,5
nz,2
o,1
oak,3
oakland,7
oaks,4
oasis,5
ob,2
obesity,7
obituaries,10
obj,3
object,6
objective,9
objectives,10
objects,7
obligation,10
obligations,11
observation,11
observations,12
observe,7
observed,8
observer,8
obtain,6
obtained,8
obtaining,9
obvious,7
obviously,9
oc,2
occasion,8
occasional,10
occasionally,12
occasions,9
occupation,10
occupational,12
occupations,11
occupied,8
occur,5
occurred,8
occurrence,10
occurring,9
occurs,6
ocean,5
oclc,4
oct,3
october,7
odd,3
odds,4
oe,2
oecd,4
oem,3
of,2
off,3
offense,7
offensive,9
offer,5
offered,7
offering,8
offerings,9
offers,6
office,6
officer,7
officers,8
offices,7
official,8
officially,10
officials,9
offline,7
offset,6
offshore,8
often,5
og,2
oh,2
ohio,4
oil,3
oils,4
ok,2
okay,4
oklahoma,8
ol,2
old,3
older,5
oldest,6
olive,5
oliver,6
olympic,7
olympics,8
olympus,7
om,2
omaha,5
oman,4
omega,5
omissions,9
on,2
once,4
one,3
ones,4
ongoing,7
onion,5
online,6
only,4
ons,3
ontario,7
onto,4
oo,2
ooo,3
oops,4
op,2
open,4
opened,6
opening,7
openings,8
opens,5
opera,5
operate,7
operated,8
operates,8
operating,9
operation,9
operational,11
operations,10
operator,8
operators,9
opinion,7
opinions,8
opponent,8
opponents,9
opportunities,13
opportunity,11
opposed,7
opposite,8
opposition,10
opt,3
optical,7
optics,6
optimal,7
optimization,12
optimize,8
optimum,7
option,6
optional,8
options,7
or,2
oracle,6
oral,4
orange,6
orbit,5
orchestra,9
order,5
ordered,7
ordering,8
orders,6
ordinance,9
ordinary,8
oregon,6
org,3
organ,5
organic,7
organisation,12
organisations,13
organised,9
organisms,9
organization,12
organizational,14
organizations,13
organize,8
organized,9
organizer,9
organizing,10
orgasm,6
orgy,4
oriental,8
orientation,11
oriented,8
origin,6
original,8
originally,10
origins,7
orlando,7
orleans,7
os,2
oscar,5
ot,2
other,5
others,6
otherwise,9
ottawa,6
ou,2
ought,5
our,3
ours,4
ourselves,9
out,3
outcome,7
outcomes,8
outdoor,7
outdoors,8
outer,5
outlet,6
outline,7
outlined,8
outlook,7
output,6
outputs,7
outreach,8
outside,7
outsourcing,11
outstanding,11
oval,4
oven,4
over,4
overall,7
overcome,8
overhead,8
overnight,9
overseas,8
overview,8
owen,4
own,3
owned,5
owner,5
owners,6
ownership,9
owns,4
oxford,6
oxide,5
oxygen,6
oz,2
ozone,5
p,1
pa,2
pac,3
pace,4
pacific,7
pack,4
package,7
packages,8
packaging,9
packard,7
packed,6
packet,6
packets,7
packing,7
packs,5
pad,3
pads,4
page,4
pages,5
paid,4
pain,4
painful,7
paint,5
paintball,9
painted,7
painting,8
paintings,9
pair,4
pairs,5
pakistan,8
pal,3
palace,6
pale,4
palestine,9
palestinian,11
palm,4
palmer,6
pam,3
pamela,6
pan,3
panama,6
panasonic,9
panel,5
panels,6
panic,5
panties,7
pants,5
pantyhose,9
paper,5
paperback,9
paperbacks,10
papers,6
papua,5
par,3
para,4
parade,6
paradise,8
paragraph,9
paragraphs,10
paraguay,8
parallel,8
parameter,9
parameters,10
parcel,6
parent,6
parental,8
parenting,9
parents,7
paris,5
parish,6
park,4
parker,6
parking,7
parks,5
parliament,10
parliamentary,13
part,4
partial,7
partially,9
participant,11
participants,12
participate,11
participated,12
participating,13
participation,13
particle,8
particles,9
particular,10
particularly,12
parties,7
partition,9
partly,6
partner,7
partners,8
partnership,11
partnerships,12
parts,5
party,5
pas,3
paso,4
pass,4
passage,7
passed,6
passenger,9
passengers,10
passes,6
passing,7
passion,7
passive,7
passport,8
password,8
passwords,9
past,4
pasta,5
paste,5
pastor,6
pat,3
patch,5
patches,7
patent,6
patents,7
path,4
pathology,9
paths,5
patient,7
patients,8
patio,5
patricia,8
patrick,7
patrol,6
pattern,7
patterns,8
paul,4
pavilion,8
paxil,5
pay,3
payable,7
payday,6
paying,6
payment,7
payments,8
paypal,6
payroll,7
pays,4
pb,2
pc,2
pci,3
pcs,3
pct,3
pd,2
pda,3
pdas,4
pdf,3
pdt,3
pe,2
peace,5
peaceful,8
peak,4
pearl,5
peas,4
pediatric,9
pee,3
peeing,6
peer,4
peers,5
pen,3
penalties,9
penalty,7
pencil,6
pendant,7
pending,7
penetration,11
penguin,7
peninsula,9
penis,5
penn,4
pennsylvania,12
penny,5
pens,4
pension,7
pensions,8
pentium,7
people,6
peoples,7
pepper,6
per,3
perceived,9
percent,7
percentage,10
perception,10
perfect,7
perfectly,9
perform,7
performance,11
performances,12
performed,9
performer,9
performing,10
performs,8
perfume,7
perhaps,7
period,6
periodic,8
periodically,12
periods,7
peripheral,10
peripherals,11
perl,4
permalink,9
permanent,9
permission,10
permissions,11
permit,6
permits,7
permitted,9
perry,5
persian,7
persistent,10
person,6
personal,8
personality,11
personalized,12
personally,10
personals,9
personnel,9
persons,7
perspective,11
perspectives,12
perth,5
peru,4
pest,4
pet,3
pete,4
peter,5
petersburg,10
peterson,8
petite,6
petition,8
petroleum,9
pets,4
pf,2
pg,2
pgp,3
ph,2
phantom,7
pharmaceutical,14
pharmaceuticals,15
pharmacies,10
pharmacology,12
pharmacy,8
phase,5
phases,6
phd,3
phenomenon,10
phentermine,11
phi,3
phil,4
philadelphia,12
philip,6
philippines,11
philips,7
phillips,8
philosophy,10
phoenix,7
phone,5
phones,6
photo,5
photograph,10
photographer,12
photographers,13
photographic,12
photographs,11
photography,11
photos,6
photoshop,9
php,3
phpbb,5
phrase,6
phrases,7
phys,4
physical,8
physically,10
physician,9
physicians,10
physics,7
physiology,10
pi,2
piano,5
pic,3
pichunter,9
pick,4
picked,6
picking,7
picks,5
pickup,6
picnic,6
pics,4
picture,7
pictures,8
pie,3
piece,5
pieces,6
pierce,6
pierre,6
pig,3
pike,4
pill,4
pillow,6
pills,5
pilot,5
pin,3
pine,4
ping,4
pink,4
pins,4
pioneer,7
pipe,4
pipeline,8
pipes,5
pirates,7
piss,4
pissing,7
pit,3
pitch,5
pittsburgh,10
pix,3
pixel,5
pixels,6
pizza,5
pj,2
pk,2
pl,2
place,5
placed,6
placement,9
places,6
placing,7
plain,5
plains,6
plaintiff,9
plan,4
plane,5
planes,6
planet,6
planets,7
planned,7
planner,7
planners,8
planning,8
plans,5
plant,5
plants,6
plasma,6
plastic,7
plastics,8
plate,5
plates,6
platform,8
platforms,9
platinum,8
play,4
playback,8
playboy,7
played,6
player,6
players,7
playing,7
playlist,8
plays,5
playstation,11
plaza,5
plc,3
pleasant,8
please,6
pleased,7
pleasure,8
pledge,6
plenty,6
plot,4
plots,5
plug,4
plugin,6
plugins,7
plumbing,8
plus,4
plymouth,8
pm,2
pmc,3
pmid,4
pn,2
po,2
pocket,6
pockets,7
pod,3
podcast,7
podcasts,8
poem,4
poems,5
poet,4
poetry,6
point,5
pointed,7
pointer,7
pointing,8
points,6
pokemon,7
poker,5
poland,6
polar,5
pole,4
police,6
policies,8
policy,6
polish,6
polished,8
political,9
politicians,11
politics,8
poll,4
polls,5
pollution,9
polo,4
poly,4
polyester,9
polymer,7
polyphonic,10
pond,4
pontiac,7
pool,4
pools,5
poor,4
pop,3
pope,4
popular,7
popularity,10
population,10
populations,11
por,3
porcelain,9
pork,4
porn,4
porno,5
porsche,7
port,4
portable,8
portal,6
porter,6
portfolio,9
portion,7
portions,8
portland,8
portrait,8
portraits,9
ports,5
portsmouth,10
portugal,8
portuguese,10
pos,3
pose,4
posing,6
position,8
positioning,11
positions,9
positive,8
possess,7
possession,10
possibilities,13
possibility,11
possible,8
possibly,8
post,4
postage,7
postal,6
postcard,8
postcards,9
posted,6
poster,6
posters,7
posting,7
postings,8
postposted,10
posts,5
pot,3
potato,6
potatoes,8
potential,9
potentially,11
potter,6
pottery,7
poultry,7
pound,5
pounds,6
pour,4
poverty,7
powder,6
powell,6
power,5
powered,7
powerful,8
powerpoint,10
powers,6
powerseller,11
pp,2
ppc,3
ppm,3
pr,2
practical,9
practice,8
practices,9
practitioner,12
practitioners,13
prague,6
prairie,7
praise,6
pray,4
prayer,6
prayers,7
pre,3
preceding,9
precious,8
precipitation,13
precise,7
precisely,9
precision,9
predict,7
predicted,9
prediction,10
predictions,11
prefer,6
preference,10
preferences,11
preferred,9
prefers,7
prefix,6
pregnancy,9
pregnant,8
preliminary,11
premier,7
premiere,8
premises,8
premium,7
prep,4
prepaid,7
preparation,11
prepare,7
prepared,8
preparing,9
prerequisite,12
prescribed,10
prescription,12
presence,8
present,7
presentation,12
presentations,13
presented,9
presenting,10
presently,9
presents,8
preservation,12
preserve,8
president,9
presidential,12
press,5
pressed,7
pressing,8
pressure,8
preston,7
pretty,6
prev,4
prevent,7
preventing,10
prevention,10
preview,7
previews,8
previous,8
previously,10
price,5
priced,6
prices,6
pricing,7
pride,5
priest,6
primarily,9
primary,7
prime,5
prince,6
princess,8
princeton,9
principal,9
principle,9
principles,10
print,5
printable,9
printed,7
printer,7
printers,8
printing,8
prints,6
prior,5
priorities,10
priority,8
prison,6
prisoner,8
prisoners,9
privacy,7
private,7
privilege,9
privileges,10
prix,4
prize,5
prizes,6
pro,3
probability,11
probably,8
probe,5
problem,7
problems,8
proc,4
procedure,9
procedures,10
proceed,7
proceeding,10
proceedings,11
proceeds,8
process,7
processed,9
processes,9
processing,10
processor,9
processors,10
procurement,11
produce,7
produced,8
producer,8
producers,9
produces,8
producing,9
product,7
production,10
productions,11
productive,10
productivity,12
products,8
prof,4
profession,10
professional,12
professionals,13
professor,9
profile,7
profiles,8
profit,6
profits,7
program,7
programme,9
programmer,10
programmers,11
programmes,10
programming,11
programs,8
progress,8
progressive,11
prohibited,10
project,7
projected,9
projection,10
projector,9
projectors,10
projects,8
prominent,9
promise,7
promised,8
promises,8
promising,9
promo,5
promote,7
promoted,8
promotes,8
promoting,9
promotion,9
promotional,11
promotions,10
prompt,6
promptly,8
proof,5
propecia,8
proper,6
properly,8
properties,10
property,8
prophet,7
proportion,10
proposal,8
proposals,9
propose,7
proposed,8
proposition,11
proprietary,11
pros,4
prospect,8
prospective,11
prospects,9
prostate,8
prostores,9
prot,4
protect,7
protected,9
protecting,10
protection,10
protective,10
protein,7
proteins,8
protest,7
protocol,8
protocols,9
prototype,9
proud,5
proudly,7
prove,5
proved,6
proven,6
provide,7
provided,8
providence,10
provider,8
providers,9
provides,8
providing,9
province,8
provinces,9
provincial,10
provision,9
provisions,10
proxy,5
prozac,6
ps,2
psi,3
psp,3
pst,3
psychiatry,10
psychological,13
psychology,10
pt,2
pts,3
pty,3
pub,3
public,6
publication,11
publications,12
publicity,9
publicly,8
publish,7
published,9
publisher,9
publishers,10
publishing,10
pubmed,6
pubs,4
puerto,6
pull,4
pulled,6
pulling,7
pulse,5
pump,4
pumps,5
punch,5
punishment,10
punk,4
pupils,6
puppy,5
purchase,8
purchased,9
purchases,9
purchasing,10
pure,4
purple,6
purpose,7
purposes,8
purse,5
pursuant,8
pursue,6
pursuit,7
push,4
pushed,6
pushing,7
pussy,5
put,3
puts,4
putting,7
puzzle,6
puzzles,7
pvc,3
python,6
q,1
qatar,5
qc,2
qld,3
qt,2
qty,3
quad,4
qualification,13
qualifications,14
qualified,9
qualify,7
qualifying,10
qualities,9
quality,7
quantitative,12
quantities,10
quantity,8
quantum,7
quarter,7
quarterly,9
quarters,8
que,3
quebec,6
queen,5
queens,6
queensland,10
queries,7
query,5
quest,5
question,8
questionnaire,13
questions,9
queue,5
qui,3
quick,5
quickly,7
quiet,5
quilt,5
quit,4
quite,5
quiz,4
quizzes,7
quotations,10
quote,5
quoted,6
quotes,6
r,1
ra,2
rabbit,6
race,4
races,5
rachel,6
racial,6
racing,6
rack,4
racks,5
radar,5
radiation,9
radical,7
radio,5
radios,6
radius,6
rage,4
raid,4
rail,4
railroad,8
railway,7
rain,4
rainbow,7
raise,5
raised,6
raises,6
raising,7
raleigh,7
rally,5
ralph,5
ram,3
ran,3
ranch,5
rand,4
random,6
randy,5
range,5
rangers,7
ranges,6
ranging,7
rank,4
ranked,6
ranking,7
rankings,8
ranks,5
rap,3
rape,4
rapid,5
rapidly,7
rapids,6
rare,4
rarely,6
rat,3
rate,4
rated,5
rates,5
rather,6
rating,6
ratings,7
ratio,5
rational,8
ratios,6
rats,4
raw,3
ray,3
raymond,7
rays,4
rb,2
rc,2
rca,3
rd,2
re,2
reach,5
reached,7
reaches,7
reaching,8
reaction,8
reactions,9
read,4
reader,6
readers,7
readily,7
reading,7
readings,8
reads,5
ready,5
real,4
realistic,9
reality,7
realize,7
realized,8
really,6
realm,5
realtor,7
realtors,8
realty,6
rear,4
reason,6
reasonable,10
reasonably,10
reasoning,9
reasons,7
rebate,6
rebates,7
rebecca,7
rebel,5
rebound,7
rec,3
recall,6
receipt,7
receive,7
received,8
receiver,8
receivers,9
receives,8
receiving,9
recent,6
recently,8
reception,9
receptor,8
receptors,9
recipe,6
recipes,7
recipient,9
recipients,10
recognised,10
recognition,11
recognize,9
recognized,10
recommend,9
recommendation,14
recommendations,15
recommended,11
recommends,10
reconstruction,14
record,6
recorded,8
recorder,8
recorders,9
recording,9
recordings,10
records,7
recover,7
recovered,9
recovery,8
recreation,10
recreational,12
recruiting,10
recruitment,11
recycling,9
red,3
redeem,6
redhead,7
reduce,6
reduced,7
reduces,7
reducing,8
reduction,9
reductions,10
reed,4
reef,4
reel,4
ref,3
refer,5
reference,9
referenced,10
references,10
referral,8
referrals,9
referred,8
referring,9
refers,6
refinance,9
refine,6
refined,7
reflect,7
reflected,9
reflection,10
reflections,11
reflects,8
reform,6
reforms,7
refresh,7
refrigerator,12
refugees,8
refund,6
refurbished,11
refuse,6
refused,7
reg,3
regard,6
regarded,8
regarding,9
regardless,10
regards,7
reggae,6
regime,6
region,6
regional,8
regions,7
register,8
registered,10
registrar,9
registration,12
registry,8
regression,10
regular,7
regularly,9
regulated,9
regulation,10
regulations,11
regulatory,10
rehab,5
rehabilitation,14
reid,4
reject,6
rejected,8
rel,3
relate,6
related,7
relates,7
relating,8
relation,8
relations,9
relationship,12
relationships,13
relative,8
relatively,10
relatives,9
relax,5
relaxation,10
relay,5
release,7
released,8
releases,8
relevance,9
relevant,8
reliability,11
reliable,8
reliance,8
relief,6
religion,8
religions,9
religious,9
reload,6
relocation,10
rely,4
relying,7
remain,6
remainder,9
remained,8
remaining,9
remains,7
remark,6
remarkable,10
remarks,7
remedies,8
remedy,6
remember,8
remembered,10
remind,6
reminder,8
remix,5
remote,6
removable,9
removal,7
remove,6
removed,7
removing,8
renaissance,11
render,6
rendered,8
rendering,9
renew,5
renewable,9
renewal,7
reno,4
rent,4
rental,6
rentals,7
rentcom,7
rep,3
repair,6
repairs,7
repeat,6
repeated,8
replace,7
replaced,8
replacement,11
replacing,9
replica,7
replication,11
replied,7
replies,7
reply,5
report,6
reported,8
reporter,8
reporters,9
reporting,9
reports,7
repository,10
represent,9
representation,14
representations,15
representative,14
representatives,15
represented,11
representing,12
represents,10
reprint,7
reprints,8
reproduce,9
reproduced,10
reproduction,12
reproductive,12
republic,8
republican,10
republicans,11
reputation,10
request,7
requested,9
requesting,10
requests,8
require,7
required,8
requirement,11
requirements,12
requires,8
requiring,9
res,3
rescue,6
research,8
researcher,10
researchers,11
reseller,8
reservation,11
reservations,12
reserve,7
reserved,8
reserves,8
reservoir,9
reset,5
residence,9
resident,8
residential,11
residents,9
resist,6
resistance,10
resistant,9
resolution,10
resolutions,11
resolve,7
resolved,8
resort,6
resorts,7
resource,8
resources,9
respect,7
respected,9
respective,10
respectively,12
respiratory,11
respond,7
responded,9
respondent,10
respondents,11
responding,10
response,8
responses,9
responsibilities,16
responsibility,14
responsible,11
rest,4
restaurant,10
restaurants,11
restoration,11
restore,7
restored,8
restrict,8
restricted,10
restriction,11
restrictions,12
restructuring,13
result,6
resulted,8
resulting,9
results,7
resume,6
resumes,7
retail,6
retailer,8
retailers,9
retain,6
retained,8
retention,9
retired,7
retirement,10
retreat,7
retrieval,9
retrieve,8
retrieved,9
retro,5
return,6
returned,8
returning,9
returns,7
reunion,7
reuters,7
rev,3
reveal,6
revealed,8
reveals,7
revelation,10
revenge,7
revenue,7
revenues,8
reverse,7
review,6
reviewed,8
reviewer,8
reviewing,9
reviews,7
revised,7
revision,8
revisions,9
revolution,10
revolutionary,13
reward,6
rewards,7
reynolds,8
rf,2
rfc,3
rg,2
rh,2
rhode,5
rhythm,6
ri,2
ribbon,6
rica,4
rice,4
rich,4
richard,7
richards,8
richardson,10
richmond,8
rick,4
rico,4
rid,3
ride,4
rider,5
riders,6
rides,5
ridge,5
riding,6
right,5
rights,6
rim,3
ring,4
rings,5
ringtone,8
ringtones,9
rio,3
rip,3
ripe,4
rise,4
rising,6
risk,4
risks,5
river,5
rivers,6
riverside,9
rj,2
rl,2
rm,2
rn,2
rna,3
ro,2
road,4
roads,5
rob,3
robert,6
roberts,7
robertson,9
robin,5
robinson,8
robot,5
robots,6
robust,6
rochester,9
rock,4
rocket,6
rocks,5
rocky,5
rod,3
roger,5
rogers,6
roland,6
role,4
roles,5
roll,4
rolled,6
roller,6
rolling,7
rolls,5
rom,3
roman,5
romance,7
romania,7
romantic,8
rome,4
ron,3
ronald,6
roof,4
room,4
roommate,8
roommates,9
rooms,5
root,4
roots,5
rope,4
rosa,4
rose,4
roses,5
ross,4
roster,6
rotary,6
rotation,8
rouge,5
rough,5
roughly,7
roulette,8
round,5
rounds,6
route,5
router,6
routers,7
routes,6
routine,7
routines,8
routing,7
rover,5
row,3
rows,4
roy,3
royal,5
royalty,7
rp,2
rpg,3
rpm,3
rr,2
rrp,3
rs,2
rss,3
rt,2
ru,2
rubber,6
ruby,4
rug,3
rugby,5
rugs,4
rule,4
ruled,5
rules,5
ruling,6
run,3
runner,6
running,7
runs,4
runtime,7
rural,5
rush,4
russell,7
russia,6
russian,7
ruth,4
rv,2
rw,2
rwanda,6
rx,2
ryan,4
s,1
sa,2
sacramento,10
sacred,6
sacrifice,9
sad,3
saddam,6
safari,6
safe,4
safely,6
safer,5
safety,6
sage,4
sagem,5
said,4
sail,4
sailing,7
saint,5
saints,6
sake,4
salad,5
salaries,8
salary,6
sale,4
salem,5
sales,5
sally,5
salmon,6
salon,5
salt,4
salvador,8
salvation,9
sam,3
samba,5
same,4
samoa,5
sample,6
samples,7
sampling,8
samsung,7
samuel,6
san,3
sand,4
sandra,6
sandwich,8
sandy,5
sans,4
santa,5
sanyo,5
sao,3
sap,3
sapphire,8
sara,4
sarah,5
sas,3
saskatchewan,12
sat,3
satellite,9
satin,5
satisfaction,12
satisfactory,12
satisfied,9
satisfy,7
saturday,8
saturn,6
sauce,5
saudi,5
savage,6
savannah,8
save,4
saved,5
saver,5
saves,5
saving,6
savings,7
saw,3
say,3
saying,6
says,4
sb,2
sbjct,5
sc,2
scale,5
scales,6
scan,4
scanned,7
scanner,7
scanners,8
scanning,8
scary,5
scenario,8
scenarios,9
scene,5
scenes,6
scenic,6
schedule,8
scheduled,9
schedules,9
scheduling,10
schema,6
scheme,6
schemes,7
scholar,7
scholars,8
scholarship,11
scholarships,12
school,6
schools,7
sci,3
science,7
sciences,8
scientific,10
scientist,9
scientists,10
scoop,5
scope,5
score,5
scored,6
scores,6
scoring,7
scotia,6
scotland,8
scott,5
scottish,8
scout,5
scratch,7
screen,6
screening,9
screens,7
screensaver,11
screensavers,12
screenshot,10
screenshots,11
screw,5
script,6
scripting,9
scripts,7
scroll,6
scsi,4
scuba,5
sculpture,9
sd,2
se,2
sea,3
seafood,7
seal,4
sealed,6
sean,4
search,6
searchcom,9
searched,8
searches,8
searching,9
seas,4
season,6
seasonal,8
seasons,7
seat,4
seating,7
seats,5
seattle,7
sec,3
second,6
secondary,9
seconds,7
secret,6
secretariat,11
secretary,9
secrets,7
section,7
sections,8
sector,6
sectors,7
secure,6
secured,7
securely,8
securities,10
security,8
see,3
seed,4
seeds,5
seeing,6
seek,4
seeker,6
seekers,7
seeking,7
seeks,5
seem,4
seemed,6
seems,5
seen,4
sees,4
sega,4
segment,7
segments,8
select,6
selected,8
selecting,9
selection,9
selections,10
selective,9
self,4
sell,4
seller,6
sellers,7
selling,7
sells,5
semester,8
semi,4
semiconductor,13
seminar,7
seminars,8
sen,3
senate,6
senator,7
senators,8
send,4
sender,6
sending,7
sends,5
senegal,7
senior,6
seniors,7
sense,5
sensitive,9
sensitivity,11
sensor,6
sensors,7
sent,4
sentence,8
sentences,9
seo,3
sep,3
separate,8
separated,9
separately,10
separation,10
sept,4
september,9
seq,3
sequence,8
sequences,9
ser,3
serbia,6
serial,6
series,6
serious,7
seriously,9
serum,5
serve,5
served,6
server,6
servers,7
serves,6
service,7
services,8
serving,7
session,7
sessions,8
set,3
sets,4
setting,7
settings,8
settle,6
settled,7
settlement,10
setup,5
seven,5
seventh,7
several,7
severe,6
sewing,6
sex,3
sexcam,6
sexo,4
sexual,6
sexuality,9
sexually,8
sexy,4
sf,2
sg,2
sh,2
shade,5
shades,6
shadow,6
shadows,7
shaft,5
shake,5
shakespeare,11
shakira,7
shall,5
shame,5
shanghai,8
shannon,7
shape,5
shaped,6
shapes,6
share,5
shared,6
shareholders,12
shares,6
shareware,9
sharing,7
shark,5
sharon,6
sharp,5
shaved,6
shaw,4
she,3
shed,4
sheep,5
sheer,5
sheet,5
sheets,6
sheffield,9
shelf,5
shell,5
shelter,7
shemale,7
shemales,8
shepherd,8
sheriff,7
sherman,7
shield,6
shift,5
shine,5
ship,4
shipment,8
shipments,9
shipped,7
shipping,8
ships,5
shirt,5
shirts,6
shit,4
shock,5
shoe,4
shoes,5
shoot,5
shooting,8
shop,4
shopper,7
shoppercom,10
shoppers,8
shopping,8
shoppingcom,11
shops,5
shopzilla,9
shore,5
short,5
shortcuts,9
shorter,7
shortly,7
shorts,6
shot,4
shots,5
should,6
shoulder,8
show,4
showcase,8
showed,6
shower,6
showers,7
showing,7
shown,5
shows,5
showtimes,9
shut,4
shuttle,7
si,2
sic,3
sick,4
side,4
sides,5
sie,3
siemens,7
sierra,6
sig,3
sight,5
sigma,5
sign,4
signal,6
signals,7
signature,9
signatures,10
signed,6
significance,12
significant,11
significantly,13
signing,7
signs,5
signup,6
silence,7
silent,6
silicon,7
silk,4
silly,5
silver,6
sim,3
similar,7
similarly,9
simon,5
simple,6
simplified,10
simply,6
simpson,7
simpsons,8
sims,4
simulation,10
simulations,11
simultaneously,14
sin,3
since,5
sing,4
singapore,9
singer,6
singh,5
singing,7
single,6
singles,7
sink,4
sip,3
sir,3
sister,6
sisters,7
sit,3
site,4
sitemap,7
sites,5
sitting,7
situated,8
situation,9
situations,10
six,3
sixth,5
size,4
sized,5
sizes,5
sk,2
skating,7
ski,3
skiing,6
skill,5
skilled,7
skills,6
skin,4
skins,5
skip,4
skirt,5
skirts,6
sku,3
sky,3
skype,5
sl,2
slave,5
sleep,5
sleeping,8
sleeps,6
sleeve,6
slide,5
slides,6
slideshow,9
slight,6
slightly,8
slim,4
slip,4
slope,5
slot,4
slots,5
slovak,6
slovakia,8
slovenia,8
slow,4
slowly,6
slut,4
sluts,5
sm,2
small,5
smaller,7
smart,5
smell,5
smile,5
smilies,7
smith,5
smithsonian,11
smoke,5
smoking,7
smooth,6
sms,3
smtp,4
sn,2
snake,5
snap,4
snapshot,8
snow,4
snowboard,9
so,2
soa,3
soap,4
soc,3
soccer,6
social,6
societies,9
society,7
sociology,9
socket,6
socks,5
sodium,6
sofa,4
soft,4
softball,8
software,8
soil,4
sol,3
solar,5
solaris,7
sold,4
soldier,7
soldiers,8
sole,4
solely,6
solid,5
solo,4
solomon,7
solution,8
solutions,9
solve,5
solved,6
solving,7
soma,4
somalia,7
some,4
somebody,8
somehow,7
someone,7
somerset,8
something,9
sometimes,9
somewhat,8
somewhere,9
son,3
song,4
songs,5
sonic,5
sons,4
sony,4
soon,4
soonest,7
sophisticated,13
sorry,5
sort,4
sorted,6
sorts,5
sought,6
soul,4
souls,5
sound,5
sounds,6
soundtrack,10
soup,4
source,6
sources,7
south,5
southampton,11
southeast,9
southern,8
southwest,9
soviet,6
sox,3
sp,2
spa,3
space,5
spaces,6
spain,5
spam,4
span,4
spanish,7
spank,5
spanking,8
sparc,5
spare,5
spas,4
spatial,7
speak,5
speaker,7
speakers,8
speaking,8
speaks,6
spears,6
spec,4
special,7
specialist,10
specialists,11
specialized,11
specializing,12
specially,9
specials,8
specialties,11
specialty,9
species,7
specific,8
specifically,12
specification,13
specifications,14
specifics,9
specified,9
specifies,9
specify,7
specs,5
spectacular,11
spectrum,8
speech,6
speeches,8
speed,5
speeds,6
spell,5
spelling,8
spencer,7
spend,5
spending,8
spent,5
sperm,5
sphere,6
spice,5
spider,6
spies,5
spin,4
spine,5
spirit,6
spirits,7
spiritual,9
spirituality,12
split,5
spoke,5
spoken,6
spokesman,9
sponsor,7
sponsored,9
sponsors,8
sponsorship,11
sport,5
sporting,8
sports,6
spot,4
spotlight,9
spots,5
spouse,6
spray,5
spread,6
spreading,9
spring,6
springer,8
springfield,11
springs,7
sprint,6
spy,3
spyware,7
sq,2
sql,3
squad,5
square,6
squirt,6
squirting,9
sr,2
src,3
sri,3
ss,2
ssl,3
st,2
stability,9
stable,6
stack,5
stadium,7
staff,5
staffing,8
stage,5
stages,6
stainless,9
stakeholders,12
stamp,5
stamps,6
stan,4
stand,5
standard,8
standards,9
standing,8
standings,9
stands,6
stanford,8
stanley,7
star,4
starring,8
stars,5
starsmerchant,13
start,5
started,7
starter,7
starting,8
starts,6
startup,7
stat,4
state,5
stated,6
statement,9
statements,10
states,6
statewide,9
static,6
stating,7
station,7
stationery,10
stations,8
statistical,11
statistics,10
stats,5
status,6
statute,7
statutes,8
statutory,9
stay,4
stayed,6
staying,7
stays,5
std,3
ste,3
steady,6
steal,5
steam,5
steel,5
steering,8
stem,4
step,4
stephanie,9
stephen,7
steps,5
stereo,6
sterling,8
steve,5
steven,6
stevens,7
stewart,7
stick,5
sticker,7
stickers,8
sticks,6
sticky,6
still,5
stock,5
stockholm,9
stockings,9
stocks,6
stolen,6
stomach,7
stone,5
stones,6
stood,5
stop,4
stopped,7
stopping,8
stops,5
storage,7
store,5
stored,6
stores,6
stories,7
storm,5
story,5
str,3
straight,8
strain,6
strand,6
strange,7
stranger,8
strap,5
strategic,9
strategies,10
strategy,8
stream,6
streaming,9
streams,7
street,6
streets,7
strength,8
strengthen,10
strengthening,13
strengths,9
stress,6
stretch,7
strict,6
strictly,8
strike,6
strikes,7
striking,8
string,6
strings,7
strip,5
stripes,7
strips,6
stroke,6
strong,6
stronger,8
strongly,8
struck,6
struct,6
structural,10
structure,9
structured,10
structures,10
struggle,8
stuart,6
stuck,5
stud,4
student,7
students,8
studied,7
studies,7
studio,6
studios,7
study,5
studying,8
stuff,5
stuffed,7
stunning,8
stupid,6
style,5
styles,6
stylish,7
stylus,6
su,2
sub,3
subaru,6
subcommittee,12
subdivision,11
subject,7
subjects,8
sublime,7
sublimedirectory,16
submission,10
submissions,11
submit,6
submitted,9
submitting,10
subscribe,9
subscriber,10
subscribers,11
subscription,12
subscriptions,13
subsection,10
subsequent,10
subsequently,12
subsidiaries,12
subsidiary,10
substance,9
substances,10
substantial,11
substantially,13
substitute,10
subtle,6
suburban,8
succeed,7
success,7
successful,10
successfully,12
such,4
suck,4
sucking,7
sucks,5
sudan,5
sudden,6
suddenly,8
sue,3
suffer,6
suffered,8
suffering,9
sufficient,10
sufficiently,12
sugar,5
suggest,7
suggested,9
suggesting,10
suggestion,10
suggestions,11
suggests,8
suicide,7
suit,4
suitable,8
suite,5
suited,6
suites,6
suits,5
sullivan,8
sum,3
summaries,9
summary,7
summer,6
summit,6
sun,3
sunday,6
sunglasses,10
sunny,5
sunrise,7
sunset,6
sunshine,8
super,5
superb,6
superintendent,14
superior,8
supervision,11
supervisor,10
supervisors,11
supplement,10
supplemental,12
supplements,11
supplied,8
supplier,8
suppliers,9
supplies,8
supply,6
support,7
supported,9
supporters,10
supporting,10
supports,8
suppose,7
supposed,8
supreme,7
sur,3
sure,4
surely,6
surf,4
surface,7
surfaces,8
surfing,7
surge,5
surgeon,7
surgeons,8
surgery,7
surgical,8
surname,7
surplus,7
surprise,8
surprised,9
surprising,10
surrey,6
surround,8
surrounded,10
surrounding,11
surveillance,12
survey,6
surveys,7
survival,8
survive,7
survivor,8
survivors,9
susan,5
suse,4
suspect,7
suspected,9
suspended,9
suspension,10
sussex,6
sustainability,14
sustainable,11
sustained,9
suzuki,6
sv,2
sw,2
swap,4
sweden,6
swedish,7
sweet,5
swift,5
swim,4
swimming,8
swing,5
swingers,8
swiss,5
switch,6
switched,8
switches,8
switching,9
switzerland,11
sword,5
sydney,6
symantec,8
symbol,6
symbols,7
sympathy,8
symphony,8
symposium,9
symptoms,8
sync,4
syndicate,9
syndication,11
syndrome,8
synopsis,8
syntax,6
synthesis,9
synthetic,9
syracuse,8
syria,5
sys,3
system,6
systematic,10
systems,7
t,1
ta,2
tab,3
table,5
tables,6
tablet,6
tablets,7
tabs,4
tackle,6
tactics,7
tag,3
tagged,6
tags,4
tahoe,5
tail,4
taiwan,6
take,4
taken,5
takes,5
taking,6
tale,4
talent,6
talented,8
tales,5
talk,4
talked,6
talking,7
talks,5
tall,4
tamil,5
tampa,5
tan,3
tank,4
tanks,5
tanzania,8
tap,3
tape,4
tapes,5
tar,3
target,6
targeted,8
targets,7
tariff,6
task,4
tasks,5
taste,5
tattoo,6
taught,6
tax,3
taxation,8
taxes,5
taxi,4
taylor,6
tb,2
tba,3
tc,2
tcp,3
td,2
te,2
tea,3
teach,5
teacher,7
teachers,8
teaches,7
teaching,8
team,4
teams,5
tear,4
tears,5
tech,4
technical,9
technician,10
technique,9
techniques,10
techno,6
technological,13
technologies,12
technology,10
techrepublic,12
ted,3
teddy,5
tee,3
teen,4
teenage,7
teens,5
teeth,5
tel,3
telecharger,11
telecom,7
telecommunications,18
telephone,9
telephony,9
telescope,9
television,10
televisions,11
tell,4
telling,7
tells,5
temp,4
temperature,11
temperatures,12
template,8
templates,9
temple,6
temporal,8
temporarily,11
temporary,9
ten,3
tenant,6
tend,4
tender,6
tennessee,9
tennis,6
tension,7
tent,4
term,4
terminal,8
terminals,9
termination,11
terminology,11
terms,5
terrace,7
terrain,7
terrible,8
territories,11
territory,9
terror,6
terrorism,9
terrorist,9
terrorists,10
terry,5
test,4
testament,9
tested,6
testimonials,12
testimony,9
testing,7
tests,5
tex,3
texas,5
text,4
textbook,8
textbooks,9
textile,7
textiles,8
texts,5
texture,7
tf,2
tft,3
tgp,3
th,2
thai,4
thailand,8
than,4
thank,5
thanks,6
thanksgiving,12
that,4
thats,5
the,3
theater,7
theaters,8
theatre,7
thee,4
theft,5
thehun,6
their,5
them,4
theme,5
themes,6
themselves,10
then,4
theology,8
theorem,7
theoretical,11
theories,8
theory,6
therapeutic,11
therapist,9
therapy,7
there,5
thereafter,10
thereby,7
therefore,9
thereof,7
thermal,7
thesaurus,9
these,5
thesis,6
they,4
thick,5
thickness,9
thin,4
thing,5
things,6
think,5
thinking,8
thinkpad,8
thinks,6
third,5
thirty,6
this,4
thomas,6
thompson,8
thomson,7
thong,5
thongs,6
thorough,8
thoroughly,10
those,5
thou,4
though,6
thought,7
thoughts,8
thousand,8
thousands,9
thread,6
threaded,8
threads,7
threat,6
threatened,10
threatening,11
threats,7
three,5
threesome,9
threshold,9
thriller,8
throat,6
through,7
throughout,10
throw,5
throwing,8
thrown,6
throws,6
thru,4
thu,3
thumb,5
thumbnail,9
thumbnails,10
thumbs,6
thumbzilla,10
thunder,7
thursday,8
thus,4
thy,3
ti,2
ticket,6
tickets,7
tide,4
tie,3
tied,4
tier,4
ties,4
tiffany,7
tiger,5
tigers,6
tight,5
til,3
tile,4
tiles,5
till,4
tim,3
timber,6
time,4
timeline,8
timely,6
timer,5
times,5
timing,6
timothy,7
tin,3
tiny,4
tion,4
tions,5
tip,3
tips,4
tire,4
tired,5
tires,5
tissue,6
tit,3
titanium,8
titans,6
title,5
titled,6
titles,6
tits,4
titten,6
tm,2
tmp,3
tn,2
to,2
tobacco,7
tobago,6
today,5
todd,4
toddler,7
toe,3
together,8
toilet,6
token,5
tokyo,5
told,4
tolerance,9
toll,4
tom,3
tomato,6
tomatoes,8
tommy,5
tomorrow,8
ton,3
tone,4
toner,5
tones,5
tongue,6
tonight,7
tons,4
tony,4
too,3
took,4
tool,4
toolbar,7
toolbox,7
toolkit,7
tools,5
tooth,5
top,3
topic,5
topics,6
topless,7
tops,4
toronto,7
torture,7
toshiba,7
total,5
totally,7
totals,6
touch,5
touched,7
tough,5
tour,4
touring,7
tourism,7
tourist,7
tournament,10
tournaments,11
tours,5
toward,6
towards,7
tower,5
towers,6
town,4
towns,5
township,8
toxic,5
toy,3
toyota,6
toys,4
tp,2
tr,2
trace,5
track,5
trackback,9
trackbacks,10
tracked,7
tracker,7
tracking,8
tracks,6
tract,5
tractor,7
tracy,5
trade,5
trademark,9
trademarks,10
trader,6
trades,6
trading,7
tradition,9
traditional,11
traditions,10
traffic,7
tragedy,7
trail,5
trailer,7
trailers,8
trails,6
train,5
trained,7
trainer,7
trainers,8
training,8
trains,6
tramadol,8
trance,6
tranny,6
trans,5
transaction,11
transactions,12
transcript,10
transcription,13
transcripts,11
transexual,10
transexuales,12
transfer,8
transferred,11
transfers,9
transform,9
transformation,14
transit,7
transition,10
translate,9
translated,10
translation,11
translations,12
translator,10
transmission,12
transmit,8
transmitted,11
transparency,12
transparent,11
transport,9
transportation,14
transsexual,11
trap,4
trash,5
trauma,6
travel,6
traveler,8
travelers,9
traveling,9
traveller,9
travelling,10
travels,7
travesti,8
travis,6
tray,4
treasure,8
treasurer,9
treasures,9
treasury,8
treat,5
treated,7
treating,8
treatment,9
treatments,10
treaty,6
tree,4
trees,5
trek,4
trembl,6
tremendous,10
trend,5
trends,6
treo,4
tri,3
trial,5
trials,6
triangle,8
tribal,6
tribe,5
tribes,6
tribunal,8
tribune,7
tribute,7
trick,5
tricks,6
tried,5
tries,5
trigger,7
trim,4
trinidad,8
trinity,7
trio,4
trip,4
tripadvisor,11
triple,6
trips,5
triumph,7
trivia,6
troops,6
tropical,8
trouble,7
troubleshooting,15
trout,5
troy,4
truck,5
trucks,6
true,4
truly,5
trunk,5
trust,5
trusted,7
trustee,7
trustees,8
trusts,6
truth,5
try,3
trying,6
ts,2
tsunami,7
tt,2
tu,2
tub,3
tube,4
tubes,5
tucson,6
tue,3
tuesday,7
tuition,7
tulsa,5
tumor,5
tune,4
tuner,5
tunes,5
tuning,6
tunisia,7
tunnel,6
turbo,5
turkey,6
turkish,7
turn,4
turned,6
turner,6
turning,7
turns,5
turtle,6
tutorial,8
tutorials,9
tv,2
tvcom,5
tvs,3
twelve,6
twenty,6
twice,5
twiki,5
twin,4
twinks,6
twins,5
twist,5
twisted,7
two,3
tx,2
ty,2
tyler,5
type,4
types,5
typical,7
typically,9
typing,6
u,1
uc,2
uganda,6
ugly,4
uh,2
ui,2
uk,2
ukraine,7
ul,2
ultimate,8
ultimately,10
ultra,5
ultram,6
um,2
un,2
una,3
unable,6
unauthorized,12
unavailable,11
uncertainty,11
uncle,5
und,3
undefined,9
under,5
undergraduate,13
underground,11
underlying,10
understand,10
understanding,13
understood,10
undertake,9
undertaken,10
underwear,9
undo,4
une,3
unemployment,12
unexpected,10
unfortunately,13
uni,3
unified,7
uniform,7
union,5
unions,6
uniprotkb,9
unique,6
unit,4
united,6
units,5
unity,5
univ,4
universal,9
universe,8
universities,12
university,10
unix,4
unknown,7
unless,6
unlike,6
unlikely,8
unlimited,9
unlock,6
unnecessary,11
unsigned,8
unsubscribe,11
until,5
untitled,8
unto,4
unusual,7
unwrap,6
up,2
upc,3
upcoming,8
update,6
updated,7
updates,7
updating,8
upgrade,7
upgrades,8
upgrading,9
upload,6
uploaded,8
upon,4
upper,5
ups,3
upset,5
upskirt,7
upskirts,8
ur,2
urban,5
urge,4
urgent,6
uri,3
url,3
urls,4
uruguay,7
urw,3
us,2
usa,3
usage,5
usb,3
usc,3
usd,3
usda,4
use,3
used,4
useful,6
user,4
username,8
users,5
uses,4
usgs,4
using,5
usps,4
usr,3
usual,5
usually,7
ut,2
utah,4
utc,3
utilities,9
utility,7
utilization,11
utilize,7
utils,5
uv,2
uw,2
uzbekistan,10
v,1
va,2
vacancies,9
vacation,8
vacations,9
vaccine,7
vacuum,6
vagina,6
val,3
valentine,9
valid,5
validation,10
validity,8
valium,6
valley,6
valuable,8
valuation,9
value,5
valued,6
values,6
valve,5
valves,6
vampire,7
van,3
vancouver,9
vanilla,7
var,3
variable,8
variables,9
variance,8
variation,9
variations,10
varied,6
varies,6
variety,7
various,7
vary,4
varying,7
vast,4
vat,3
vatican,7
vault,5
vb,2
vbulletin,9
vc,2
vcr,3
ve,2
vector,6
vegas,5
vegetable,9
vegetables,10
vegetarian,10
vegetation,10
vehicle,7
vehicles,8
velocity,8
velvet,6
vendor,6
vendors,7
venezuela,9
venice,6
venture,7
ventures,8
venue,5
venues,6
ver,3
verbal,6
verde,5
verification,12
verified,8
verify,6
verizon,7
vermont,7
vernon,6
verse,5
version,7
versions,8
versus,6
vertex,6
vertical,8
very,4
verzeichnis,11
vessel,6
vessels,7
veteran,7
veterans,8
veterinary,10
vg,2
vhs,3
vi,2
via,3
viagra,6
vibrator,8
vibrators,9
vic,3
vice,4
victim,6
victims,7
victor,6
victoria,8
victorian,9
victory,7
vid,3
video,5
videos,6
vids,4
vienna,6
vietnam,7
vietnamese,10
view,4
viewed,6
viewer,6
viewers,7
viewing,7
viewpicture,11
views,5
vii,3
viii,4
viking,6
villa,5
village,7
villages,8
villas,6
vincent,7
vintage,7
vinyl,5
violation,9
violations,10
violence,8
violent,7
violin,6
vip,3
viral,5
virgin,6
virginia,8
virtual,7
virtually,9
virtue,6
virus,5
viruses,7
visa,4
visibility,10
visible,7
vision,6
visit,5
visited,7
visiting,8
visitor,7
visitors,8
visits,6
vista,5
visual,6
vital,5
vitamin,7
vitamins,8
vocabulary,10
vocal,5
vocals,6
vocational,10
voice,5
voices,6
void,4
voip,4
vol,3
volkswagen,10
volleyball,10
volt,4
voltage,7
volume,6
volumes,7
voluntary,9
volunteer,9
volunteers,10
volvo,5
von,3
vote,4
voted,5
voters,6
votes,5
voting,6
voyeur,6
voyeurweb,9
voyuer,6
vp,2
vpn,3
vs,2
vsnet,5
vt,2
vulnerability,13
vulnerable,10
w,1
wa,2
wage,4
wages,5
wagner,6
wagon,5
wait,4
waiting,7
waiver,6
wake,4
wal,3
wales,5
walk,4
walked,6
walker,6
walking,7
walks,5
wall,4
wallace,7
wallet,6
wallpaper,9
wallpapers,10
walls,5
walnut,6
walt,4
walter,6
wan,3
wang,4
wanna,5
want,4
wanted,6
wanting,7
wants,5
war,3
warcraft,8
ward,4
ware,4
warehouse,9
warm,4
warming,7
warned,6
warner,6
warning,7
warnings,8
warrant,7
warranties,10
warranty,8
warren,6
warrior,7
warriors,8
wars,4
was,3
wash,4
washer,6
washing,7
washington,10
waste,5
watch,5
watched,7
watches,7
watching,8
water,5
waterproof,10
waters,6
watershed,9
watson,6
watt,4
watts,5
wav,3
wave,4
waves,5
wax,3
way,3
wayne,5
ways,4
wb,2
wc,2
we,2
weak,4
wealth,6
weapon,6
weapons,7
wear,4
wearing,7
weather,7
web,3
webcam,6
webcams,7
webcast,7
weblog,6
weblogs,7
webmaster,9
webmasters,10
webpage,7
webshots,8
website,7
websites,8
webster,7
wed,3
wedding,7
weddings,8
wednesday,9
weed,4
week,4
weekend,7
weekends,8
weekly,6
weeks,5
weight,6
weighted,8
weights,7
weird,5
welcome,7
welding,7
welfare,7
well,4
wellington,10
wellness,8
wells,5
welsh,5
wendy,5
went,4
were,4
wesley,6
west,4
western,7
westminster,11
wet,3
whale,5
what,4
whatever,8
whats,5
wheat,5
wheel,5
wheels,6
when,4
whenever,8
where,5
whereas,7
wherever,8
whether,7
which,5
while,5
whilst,6
white,5
who,3
whole,5
wholesale,9
whom,4
whore,5
whose,5
why,3
wi,2
wichita,7
wicked,6
wide,4
widely,6
wider,5
widescreen,10
widespread,10
width,5
wife,4
wifi,4
wiki,4
wikipedia,9
wild,4
wilderness,10
wildlife,8
wiley,5
will,4
william,7
williams,8
willing,7
willow,6
wilson,6
win,3
wind,4
window,6
windows,7
winds,5
windsor,7
wine,4
wines,5
wing,4
wings,5
winner,6
winners,7
winning,7
wins,4
winston,7
winter,6
wire,4
wired,5
wireless,8
wires,5
wiring,6
wisconsin,9
wisdom,6
wise,4
wish,4
wishes,6
wishlist,8
wit,3
witch,5
with,4
withdrawal,10
within,6
without,7
witness,7
witnesses,9
wives,5
wizard,6
wm,2
wma,3
wn,2
wolf,4
woman,5
women,5
womens,6
won,3
wonder,6
wonderful,9
wondering,9
wood,4
wooden,6
woods,5
wool,4
worcester,9
word,4
wordpress,9
words,5
work,4
worked,6
worker,6
workers,7
workflow,8
workforce,9
working,7
workout,7
workplace,9
works,5
workshop,8
workshops,9
workstation,11
world,5
worldcat,8
worlds,6
worldsex,8
worldwide,9
worm,4
worn,4
worried,7
worry,5
worse,5
worship,7
worst,5
worth,5
worthy,6
would,5
wound,5
wow,3
wp,2
wr,2
wrap,4
wrapped,7
wrapping,8
wrestling,9
wright,6
wrist,5
write,5
writer,6
writers,7
writes,6
writing,7
writings,8
written,7
wrong,5
wrote,5
ws,2
wt,2
wto,3
wu,2
wv,2
ww,2
www,3
wx,2
wy,2
wyoming,7
x,1
xanax,5
xbox,4
xerox,5
xhtml,5
xi,2
xl,2
xml,3
xnxx,4
xp,2
xx,2
xxx,3
y,1
ya,2
yacht,5
yahoo,5
yale,4
yamaha,6
yang,4
yard,4
yards,5
yarn,4
ye,2
yea,3
yeah,4
year,4
yearly,6
years,5
yeast,5
yellow,6
yemen,5
yen,3
yes,3
yesterday,9
yet,3
yield,5
yields,6
yn,2
yo,2
yoga,4
york,4
yorkshire,9
you,3
young,5
younger,7
your,4
yours,5
yourself,8
youth,5
yr,2
yrs,3
yu,2
yugoslavia,10
yukon,5
z,1
za,2
zambia,6
zdnet,5
zealand,7
zen,3
zero,4
zimbabwe,8
zinc,4
zip,3
zoloft,6
zone,4
zones,5
zoning,6
zoo,3
zoom,4
zoophilia,9
zope,4
zshops,6
zu,2
zum,3
zus,3
